bvsp,volume,moving_average_1,moving_average_2,moving_average_3,moving_average_9,moving_average_12,cmp_moving_average_1_moving_average_9,cmp_moving_average_1_moving_average_12,cmp_moving_average_2_moving_average_9,cmp_moving_average_2_moving_average_12,cmp_moving_average_3_moving_average_9,cmp_moving_average_3_moving_average_12,OBV,obv_ma_1,obv_ma_2,obv_ma_3,obv_ma_9,obv_ma_12,cmp_obv_ma_1_obv_ma_9,cmp_obv_ma_1_obv_ma_12,cmp_obv_ma_2_obv_ma_9,cmp_obv_ma_2_obv_ma_12,cmp_obv_ma_3_obv_ma_9,cmp_obv_ma_3_obv_ma_12,mom_9,mom_12,selic,bvsp_returns,risk_premium
14441.44,4651414918000.0,14441.44,15166.045,16000.743333333332,15687.769999999999,15708.353333333334,0.0,0.0,0.0,0.0,1.0,1.0,1.4370010318281e+16,1.4370010318281e+16,1.437233602574e+16,1.4374595385789e+16,1.4374966424659e+16,1.4376504310160416e+16,0.0,0.0,0.0,0.0,0.0,0.0,0.0,0.0,0.002680274198661239,-0.09119891256808244,-0.09387919
14877.14,5939481585000.0,14877.14,14659.29,15069.743333333332,15510.25,15648.429166666667,0.0,0.0,0.0,0.0,0.0,0.0,1.4375949799866e+16,1.4375949799866e+16,1.43729800590735e+16,1.4373540617115334e+16,1.4374945135583222e+16,1.4375924413938e+16,1.0,1.0,0.0,0.0,0.0,0.0,0.0,0.0,0.0027116423978401105,0.030170121539126127,0.02745848
14654.43,4350074306000.0,14654.43,14765.785,14657.669999999998,15209.663333333334,15622.353333333333,0.0,0.0,0.0,0.0,0.0,0.0,1.437159972556e+16,1.437159972556e+16,1.4373774762713e+16,1.4372519947902334e+16,1.4373913382161334e+16,1.4375378723803334e+16,0.0,0.0,0.0,0.0,0.0,0.0,0.0,0.0,0.0027987412817400427,-0.014969947180708099,-0.01776869
14579.3,3623631290000.0,14579.3,14616.865,14703.623333333331,15057.387777777776,15441.733333333335,0.0,0.0,0.0,0.0,0.0,0.0,1.436797609427e+16,1.436797609427e+16,1.4369787909915e+16,1.4371841873232e+16,1.4372999940850002e+16,1.4374185286802248e+16,0.0,0.0,0.0,0.0,0.0,0.0,0.0,0.0,0.0028292528598908586,-0.005126777363568591,-0.00795603
13757.49,3926633063000.0,13757.49,14168.395,14330.406666666664,14935.122222222222,15215.289166666667,0.0,0.0,0.0,0.0,0.0,0.0,1.4364049461207e+16,1.4364049461207e+16,1.43660127777385e+16,1.4367875093679e+16,1.4372007830352444e+16,1.4373177625107166e+16,0.0,0.0,0.0,0.0,0.0,0.0,0.0,0.0,0.0028383594636897415,-0.056368275568785875,-0.05920664
12848.99,5019969551000.0,12848.99,13303.24,13728.593333333332,14884.632222222222,14839.395833333334,0.0,0.0,0.0,0.0,0.0,0.0,1.4359029491656e+16,1.4359029491656e+16,1.43615394764315e+16,1.4363685015711e+16,1.4370895766952444e+16,1.437135629054875e+16,0.0,0.0,0.0,0.0,0.0,0.0,0.0,0.0,0.0028410244073441395,-0.06603675525113961,-0.06887778
10633.44,5000925408000.0,10633.44,11741.215,12413.306666666665,14372.557777777776,14396.367499999998,0.0,0.0,0.0,0.0,0.0,0.0,1.4354028566248e+16,1.4354028566248e+16,1.4356529028952e+16,1.4359035839703666e+16,1.4368491032908222e+16,1.4369508915563416e+16,0.0,0.0,0.0,0.0,0.0,0.0,0.0,0.0,0.0028383594636897415,-0.17242989526803265,-0.17526825
11362.01,5955654760000.0,11362.01,10997.725,11614.813333333334,13671.654444444446,14105.045,0.0,0.0,0.0,0.0,0.0,0.0,1.4359984221008e+16,1.4359984221008e+16,1.4357006393628e+16,1.4357680759637334e+16,1.436636549014389e+16,1.4368426062673666e+16,0.0,0.0,0.0,0.0,0.0,0.0,0.0,0.0,0.0028383594636897415,0.06851686754239461,0.06567851
12913.88,5293539460000.0,12913.88,12137.945,11636.44333333333,13340.902222222221,14072.585,0.0,0.0,0.0,0.0,0.0,0.0,1.4365277760468e+16,1.4365277760468e+16,1.4362630990738e+16,1.4359763515908e+16,1.4365322826507112e+16,1.4368112704191334e+16,0.0,0.0,0.0,0.0,0.0,0.0,0.0,0.0,0.0028383594636897415,0.13658410791752496,0.13374575
13585.79,5184964531000.0,13585.79,13249.835,12620.559999999998,13245.83,13934.558333333334,1.0,0.0,1.0,0.0,0.0,0.0,1.4370462724999e+16,1.4370462724999e+16,1.43678702427335e+16,1.4365241568825e+16,1.4365373093920224e+16,1.4367678666887416e+16,1.0,1.0,1.0,1.0,0.0,0.0,0.0,0.0,0.0028383594636897415,0.05203006377634001,0.0491917
12722.73,4224507079000.0,12722.73,13154.26,13074.133333333331,13006.451111111111,13522.274166666664,0.0,0.0,1.0,0.0,1.0,0.0,1.436623821792e+16,1.436623821792e+16,1.43683504714595e+16,1.4367326234462334e+16,1.4364294029259556e+16,1.4366605676223502e+16,1.0,0.0,1.0,1.0,1.0,1.0,0.0,0.0,0.0028244027780885707,-0.06352667014579216,-0.06635107
14047.42,5009737458000.0,14047.42,13385.075,13451.980000000001,12939.005555555555,13368.671666666667,1.0,1.0,1.0,1.0,1.0,1.0,1.4371247955378e+16,1.4371247955378e+16,1.4368743086649e+16,1.4369316299432334e+16,1.4364254943683776e+16,1.4366321194738416e+16,1.0,1.0,1.0,1.0,1.0,1.0,0.0,0.0,0.0028097302520056046,0.10411994909897482,0.10131022
13253.0,5048717582000.0,13253.0,13650.21,13341.049999999997,12791.638888888889,13269.635,1.0,0.0,1.0,1.0,1.0,1.0,1.4366199237796e+16,1.4366199237796e+16,1.4368723596587e+16,1.4367895137031334e+16,1.4364057515186666e+16,1.4366003604698e+16,1.0,1.0,1.0,1.0,1.0,1.0,0.0,0.0,0.002787090059405739,-0.05655273352686829,-0.05933982
13088.29,4995878938000.0,13088.29,13170.645,13462.90333333333,12717.283333333333,13120.564166666669,1.0,0.0,1.0,1.0,1.0,1.0,1.4361203358858e+16,1.4361203358858e+16,1.4363701298327e+16,1.4366216850677334e+16,1.4363741281592334e+16,1.4364774734614e+16,0.0,0.0,0.0,0.0,1.0,1.0,0.0,0.0,0.0027898747666696934,-0.012428129480117622,-0.015218
12858.7,5019554641000.0,12858.7,12973.495,13066.663333333332,12718.362222222224,12970.92,1.0,0.0,1.0,1.0,1.0,1.0,1.4356183804217e+16,1.4356183804217e+16,1.43586935815375e+16,1.4361195466957e+16,1.4363425094099112e+16,1.4363490074502082e+16,0.0,0.0,0.0,0.0,0.0,0.0,1.0,0.0,0.0028036991605561567,-0.017541634545078066,-0.02034533
11137.78,6049241334000.0,11137.78,11998.240000000002,12361.589999999998,12774.400000000001,12684.126666666665,0.0,0.0,0.0,0.0,0.0,0.0,1.4350134562883e+16,1.4350134562883e+16,1.435315918355e+16,1.4355840575319334e+16,1.4362992427058556e+16,1.4362003280219834e+16,0.0,0.0,0.0,0.0,0.0,0.0,1.0,0.0,0.0027736297867805982,-0.13383312465490294,-0.13660675
9781.76,7777014767000.0,9781.76,10459.77,11259.413333333332,12598.816666666666,12352.815833333334,0.0,0.0,0.0,0.0,0.0,0.0,1.4342357548116e+16,1.4342357548116e+16,1.43462460554995e+16,1.4349558638405334e+16,1.4361033907848334e+16,1.4360195620795584e+16,0.0,0.0,0.0,0.0,0.0,0.0,0.0,0.0,0.0027708058225891087,-0.1217495766660861,-0.12452038
10382.72,5245115105000.0,10382.72,10082.24,10434.086666666664,12317.576666666668,12147.293333333335,0.0,0.0,0.0,0.0,0.0,0.0,1.4347602663221e+16,1.4347602663221e+16,1.43449801056685e+16,1.4346698258073334e+16,1.4359070008154222e+16,1.4359243385092666e+16,0.0,0.0,0.0,0.0,0.0,0.0,0.0,0.0,0.0027753208746808446,0.061436796650091496,0.05866148
8642.43,7055756409000.0,8642.43,9512.575,9602.303333333331,11768.314444444444,11981.375833333334,0.0,0.0,0.0,0.0,0.0,0.0,1.4340546906812e+16,1.4340546906812e+16,1.43440747850165e+16,1.4343502372716334e+16,1.4355746028355666e+16,1.4358119913473e+16,0.0,0.0,0.0,0.0,0.0,0.0,0.0,0.0,0.00293313098991737,-0.1676140741539789,-0.17054721
10172.28,5409611210000.0,10172.28,9407.355,9732.476666666666,11484.931111111111,11882.231666666667,0.0,0.0,0.0,0.0,0.0,0.0,1.4345956518022e+16,1.4345956518022e+16,1.4343251712417e+16,1.4344702029351666e+16,1.4353492506144776e+16,1.4356950938224166e+16,0.0,0.0,0.0,0.0,0.0,0.0,0.0,0.0,0.002981342949091517,0.17701618641979167,0.17403484
10516.98,6158698099000.0,10516.98,10344.630000000001,9777.23,11092.66,11682.49,0.0,0.0,0.0,0.0,0.0,0.0,1.4352115216121e+16,1.4352115216121e+16,1.43490358670715e+16,1.4346206213651666e+16,1.4351366646227332e+16,1.4355854059528584e+16,1.0,0.0,0.0,0.0,0.0,0.0,0.0,0.0,0.0031152018903753253,0.03388620840165624,0.03077101
11290.76,7166143656000.0,11290.76,10903.869999999999,10660.006666666666,10874.633333333333,11491.237500000001,1.0,0.0,1.0,0.0,0.0,0.0,1.4359281359777e+16,1.4359281359777e+16,1.4355698287949e+16,1.4352451031306666e+16,1.435059799311411e+16,1.4354922279093416e+16,1.0,1.0,1.0,1.0,1.0,0.0,0.0,0.0,0.003135286987087771,0.07357435309375893,0.07043907
10943.23,5115638621000.0,10943.23,11116.994999999999,10916.989999999998,10636.293333333335,11342.945833333333,1.0,0.0,1.0,0.0,1.0,0.0,1.4354165721156e+16,1.4354165721156e+16,1.43567235404665e+16,1.4355187432351334e+16,1.4349816033369444e+16,1.4353916237696416e+16,1.0,1.0,1.0,1.0,1.0,1.0,0.0,0.0,0.0031720599050030084,-0.03078003606488855,-0.0339521
10262.88,5270005503000.0,10262.88,10603.055,10832.289999999999,10347.868888888888,11027.5675,0.0,0.0,1.0,0.0,1.0,0.0,1.4348895715653e+16,1.4348895715653e+16,1.43515307184045e+16,1.4354114265528666e+16,1.4349006245751222e+16,1.4352053551052666e+16,0.0,0.0,1.0,0.0,1.0,1.0,0.0,0.0,0.0031736683136049117,-0.06217085814700052,-0.06534453
11282.62,7239505759000.0,11282.62,10772.75,10829.576666666666,10363.962222222222,10863.369166666665,1.0,1.0,1.0,0.0,1.0,0.0,1.4356135221412e+16,1.4356135221412e+16,1.43525154685325e+16,1.4353065552740334e+16,1.4349672985587776e+16,1.4351214883020666e+16,1.0,1.0,1.0,1.0,1.0,1.0,1.0,0.0,0.0031736683136049117,0.09936197246776746,0.0961883
12564.69,7085479132000.0,12564.69,11923.655,11370.063333333334,10673.176666666666,10819.735833333334,1.0,1.0,1.0,1.0,1.0,1.0,1.4363220700544e+16,1.4363220700544e+16,1.4359677960978e+16,1.4356083879203e+16,1.4351991113635332e+16,1.4351382994827832e+16,1.0,1.0,1.0,1.0,1.0,1.0,1.0,0.0,0.00317165746507537,0.11363229462660263,0.11046064
13441.01,6405253041000.0,13441.01,13002.85,12429.44,11012.986666666668,10868.261666666667,1.0,1.0,1.0,1.0,1.0,1.0,1.4369625953585e+16,1.4369625953585e+16,1.43664233270645e+16,1.4362993958513666e+16,1.4354438145898e+16,1.4352503173941834e+16,1.0,1.0,1.0,1.0,1.0,1.0,1.0,1.0,0.0031509514891964563,0.06974465744877101,0.06659371
12967.27,5064816198000.0,12967.27,13204.14,12990.989999999998,11493.524444444445,11020.719166666668,1.0,1.0,1.0,1.0,1.0,1.0,1.4364561137387e+16,1.4364561137387e+16,1.4367093545486e+16,1.4365802597172e+16,1.4357106393739666e+16,1.4353705388483832e+16,1.0,1.0,1.0,1.0,1.0,1.0,1.0,1.0,0.0030896100902687196,-0.03524586322010026,-0.03833547
13578.72,6488888523000.0,13578.72,13272.994999999999,13329.0,11872.017777777779,11337.1325,1.0,1.0,1.0,1.0,1.0,1.0,1.437105002591e+16,1.437105002591e+16,1.43678055816485e+16,1.4368412372294e+16,1.4359894561282776e+16,1.43560964283e+16,1.0,1.0,1.0,1.0,1.0,1.0,1.0,1.0,0.0029780315604606322,0.04715333296831159,0.0441753
15174.49,7981615209000.0,15174.49,14376.605,13906.826666666666,12389.518888888888,11736.446666666665,1.0,1.0,1.0,1.0,1.0,1.0,1.4379031641119e+16,1.4379031641119e+16,1.43750408335145e+16,1.4371547601472e+16,1.4362885275171446e+16,1.4358715509791498e+16,1.0,1.0,1.0,1.0,1.0,1.0,1.0,1.0,0.002879771043612169,0.11751991351173019,0.11464014
16009.83,8457826006000.0,16009.83,15592.16,14921.01333333333,12913.86,12350.396666666667,1.0,1.0,1.0,1.0,1.0,1.0,1.4387489467125e+16,1.4387489467125e+16,1.4383260554122e+16,1.4379190378051334e+16,1.4366019509321224e+16,1.4362627389817584e+16,1.0,1.0,1.0,1.0,1.0,1.0,1.0,1.0,0.0028276384063224834,0.0550489670493044,0.05222133
17982.8,6395555772000.0,17982.8,16996.315,16389.039999999997,13696.034444444444,13001.273333333333,1.0,1.0,1.0,1.0,1.0,1.0,1.4393885022897e+16,1.4393885022897e+16,1.4390687245011e+16,1.4386802043713666e+16,1.4370432765070222e+16,1.4366621431890498e+16,1.0,1.0,1.0,1.0,1.0,1.0,1.0,1.0,0.0027421815650703453,0.1232349125506016,0.12049273
20183.97,6865769725000.0,20183.97,19083.385000000002,18058.866666666665,14798.377777777778,13806.855833333333,1.0,1.0,1.0,1.0,1.0,1.0,1.4400750792622e+16,1.4400750792622e+16,1.43973179077595e+16,1.4394041760881334e+16,1.4376194440289e+16,1.4370674396598918e+16,1.0,1.0,1.0,1.0,1.0,1.0,1.0,1.0,0.002683327701914544,0.12240418622239035,0.11972086
22232.53,8276077334000.0,22232.53,21208.25,20133.1,16015.034444444444,14718.67,1.0,1.0,1.0,1.0,1.0,1.0,1.4409026869956e+16,1.4409026869956e+16,1.4404888831289e+16,1.4401220895158334e+16,1.4382071290127222e+16,1.4374819855780502e+16,1.0,1.0,1.0,1.0,1.0,1.0,1.0,1.0,0.00268088554666162,0.10149440372731422,0.09881352
21841.74,6288997192000.0,21841.74,22037.135000000002,21419.413333333334,17045.817777777775,15626.879166666666,1.0,1.0,1.0,1.0,1.0,1.0,1.4402737872764e+16,1.4402737872764e+16,1.440588237136e+16,1.4404171845114e+16,1.4386462087040554e+16,1.4378867535081168e+16,1.0,1.0,1.0,1.0,1.0,1.0,1.0,1.0,0.002681496570628541,-0.017577396724529182,-0.02025889
21760.52,7352306043000.0,21760.52,21801.130000000005,21944.930000000004,17970.20777777778,16585.015833333335,1.0,1.0,1.0,1.0,1.0,1.0,1.4395385566721e+16,1.4395385566721e+16,1.43990617197425e+16,1.4402383436480334e+16,1.4389324266277888e+16,1.4382741689336834e+16,1.0,1.0,1.0,1.0,1.0,1.0,1.0,1.0,0.0026698313548026518,-0.003718568209309381,-0.0063884
22142.26,6509842404000.0,22142.26,21951.39,21914.84,18989.65111111111,17489.985833333336,1.0,1.0,1.0,1.0,1.0,1.0,1.4401895409125e+16,1.4401895409125e+16,1.4398640487923e+16,1.440000628287e+16,1.4393472518693222e+16,1.4386555038312918e+16,1.0,1.0,1.0,1.0,1.0,1.0,1.0,1.0,0.00265054124209769,0.0175427793085825,0.01489224
19621.85,7127507057000.0,19621.85,20882.055,21174.876666666663,19661.11,18078.0825,0.0,1.0,1.0,1.0,1.0,1.0,1.4394767902068e+16,1.4394767902068e+16,1.43983316555965e+16,1.4397349625971334e+16,1.4396107838266332e+16,1.438918397177325e+16,0.0,1.0,1.0,1.0,1.0,1.0,1.0,1.0,0.0026492855427848227,-0.11382803742707381,-0.11647732
19544.72,5342803623000.0,19544.72,19583.285000000003,20436.27666666666,20146.69111111111,18586.725,0.0,1.0,0.0,1.0,1.0,1.0,1.4389425098445e+16,1.4389425098445e+16,1.43920965002565e+16,1.4395362803212666e+16,1.4397262666858112e+16,1.4390833900511584e+16,0.0,0.0,0.0,1.0,0.0,1.0,1.0,1.0,0.00265054124209769,-0.00393082201729178,-0.00658136
21152.18,5292855212000.0,21152.18,20348.450000000004,20106.25,20718.063333333335,19268.80083333333,1.0,1.0,0.0,1.0,0.0,1.0,1.4394717953657e+16,1.4394717953657e+16,1.4392071526051e+16,1.4392970318056666e+16,1.4398065832028334e+16,1.4393346968534086e+16,0.0,1.0,0.0,0.0,0.0,0.0,1.0,1.0,0.00265179557185071,0.08224523042540377,0.07959343
22341.86,5410392170000.0,22341.86,21747.020000000004,21012.92,21202.403333333335,19999.0625,1.0,1.0,1.0,1.0,0.0,1.0,1.4400128345827e+16,1.4400128345827e+16,1.4397423149742e+16,1.4394757132643e+16,1.439875953457611e+16,1.4395770161860498e+16,1.0,1.0,0.0,1.0,0.0,0.0,1.0,1.0,0.002657423190826966,0.05624384815182171,0.05358642
22802.51,4947869228000.0,22802.51,22572.185,22098.849999999995,21493.35222222222,20634.730833333335,1.0,1.0,1.0,1.0,1.0,1.0,1.4405076215055e+16,1.4405076215055e+16,1.4402602280441e+16,1.4399974171513e+16,1.4399240137068666e+16,1.4397940543021832e+16,1.0,1.0,1.0,1.0,1.0,1.0,1.0,1.0,0.002677825559125857,0.020618247540715062,0.01794042
23245.88,4160138243000.0,23245.88,23024.195,22796.75,21605.946666666667,21237.735,1.0,1.0,1.0,1.0,1.0,1.0,1.4409236353298e+16,1.4409236353298e+16,1.44071562841765e+16,1.440481363806e+16,1.4399263412995556e+16,1.439975278353625e+16,1.0,1.0,1.0,1.0,1.0,1.0,1.0,1.0,0.002708066183354527,0.019443912095642224,0.01673585
23049.7,5289321702000.0,23049.7,23147.79,23032.696666666667,21740.164444444446,21659.976666666666,1.0,1.0,1.0,1.0,1.0,1.0,1.4403947031596e+16,1.4403947031596e+16,1.4406591692447e+16,1.4406086533316334e+16,1.4399397763976888e+16,1.4400591284261168e+16,1.0,1.0,1.0,1.0,1.0,1.0,1.0,1.0,0.0027357882237783637,-0.008439344950589067,-0.01117513
25129.09,6910039997000.0,25129.09,24089.395000000004,23808.22333333333,22114.449999999997,22072.070000000003,1.0,1.0,1.0,1.0,1.0,1.0,1.4410857071593e+16,1.4410857071593e+16,1.44074020515945e+16,1.4408013485495666e+16,1.4401116820073778e+16,1.4401433474175416e+16,1.0,1.0,1.0,1.0,1.0,1.0,1.0,1.0,0.002766840696800421,0.09021332164843798,0.08744648
26193.48,2338129152000.0,26193.48,25661.285000000003,24790.756666666664,22564.585555555557,22402.149166666666,1.0,1.0,1.0,1.0,1.0,1.0,1.4413195200745e+16,1.4413195200745e+16,1.4412026136169e+16,1.4409333101311334e+16,1.4402372352476e+16,1.4401780835074498e+16,1.0,1.0,1.0,1.0,1.0,1.0,1.0,1.0,0.002794316472919138,0.042356885983535486,0.03956257
24392.09,2315321856000.0,24392.09,25292.785000000003,25238.22,23094.612222222222,22614.678333333333,1.0,1.0,1.0,1.0,1.0,1.0,1.4410879878889e+16,1.4410879878889e+16,1.4412037539817e+16,1.4411644050409e+16,1.4404162572122776e+16,1.4402459335584914e+16,1.0,1.0,1.0,1.0,1.0,1.0,1.0,1.0,0.0028216995446893934,-0.0687724578788309,-0.07159416
28135.07,2783968829440.0,28135.07,26263.58,26240.213333333333,24049.095555555556,23145.890833333335,1.0,1.0,1.0,1.0,1.0,1.0,1.441366384771844e+16,1.441366384771844e+16,1.441227186330372e+16,1.4412579642450814e+16,1.4406855766486494e+16,1.4403982525668038e+16,1.0,1.0,1.0,1.0,1.0,1.0,1.0,1.0,0.0028489829342532524,0.15345056532671042,0.15060158
26612.16,2550978560000.0,26612.16,27373.615,26379.773333333334,24655.76,23518.382499999996,1.0,1.0,1.0,1.0,1.0,1.0,1.441111286915844e+16,1.441111286915844e+16,1.441238835843844e+16,1.441188553192196e+16,1.440867742376443e+16,1.440475064733749e+16,1.0,1.0,1.0,1.0,1.0,1.0,1.0,1.0,0.002862127837683397,-0.0541285306914111,-0.05699066
24847.23,2244661719040.0,24847.23,25729.695,26531.486666666664,24934.134444444444,23953.830833333337,0.0,1.0,1.0,1.0,1.0,1.0,1.44088682074394e+16,1.44088682074394e+16,1.440999053829892e+16,1.4411214974772094e+16,1.4409648519499142e+16,1.4405925672785106e+16,0.0,1.0,1.0,1.0,1.0,1.0,1.0,1.0,0.002875643568269022,-0.06632043396702858,-0.06919608
25209.31,2561863669760.0,25209.31,25028.270000000004,25556.233333333334,25201.556666666667,24425.88,1.0,1.0,0.0,1.0,1.0,1.0,1.441143007110916e+16,1.441143007110916e+16,1.441014913927428e+16,1.4410470382569e+16,1.441035450350516e+16,1.440775942050712e+16,1.0,1.0,0.0,1.0,1.0,1.0,1.0,1.0,0.0028746094214831008,0.014572248093650764,0.01169764
25051.21,2470548728320.0,25051.21,25130.260000000002,25035.916666666668,25402.14888888889,24750.799166666664,0.0,1.0,0.0,1.0,0.0,1.0,1.440895952238084e+16,1.440895952238084e+16,1.4410194796745e+16,1.44097526003098e+16,1.4410323744514364e+16,1.4408946217900774e+16,0.0,1.0,0.0,1.0,0.0,1.0,1.0,1.0,0.0028746094214831008,-0.0062714925557265655,-0.0091461
26042.36,2594287001600.0,26042.36,25546.785000000003,25434.293333333335,25734.666666666668,25059.174166666668,1.0,1.0,0.0,1.0,0.0,1.0,1.441155380938244e+16,1.441155380938244e+16,1.441025666588164e+16,1.441064780095748e+16,1.441116894204619e+16,1.4409898339863728e+16,1.0,1.0,0.0,1.0,0.0,1.0,1.0,1.0,0.0028740920052399855,0.03956495514587921,0.03669086
28043.51,2426881561600.0,28043.51,27042.935,26379.02666666667,26058.49111111111,25495.924166666664,1.0,1.0,1.0,1.0,1.0,1.0,1.441398069094404e+16,1.441398069094404e+16,1.441276725016324e+16,1.4411498007569106e+16,1.4411516010862974e+16,1.4410640379521146e+16,1.0,1.0,1.0,1.0,0.0,1.0,1.0,1.0,0.0028636953387636476,0.07684211415555264,0.07397842
31581.5,2552522926080.0,31581.5,29812.505,28555.789999999997,26657.16,26190.559166666662,1.0,1.0,1.0,1.0,1.0,1.0,1.441653321387012e+16,1.441653321387012e+16,1.441525695240708e+16,1.4414022571398866e+16,1.4411886901210208e+16,1.441124845123549e+16,1.0,1.0,1.0,1.0,1.0,1.0,1.0,1.0,0.0028330112503928873,0.12616074093435525,0.12332773
30193.51,1763688456000.0,30193.51,30887.505,29939.506666666664,27301.76222222222,26785.876666666663,1.0,1.0,1.0,1.0,1.0,1.0,1.441476952541412e+16,1.441476952541412e+16,1.441565136964212e+16,1.441509447674276e+16,1.4412319084157446e+16,1.4412150325720336e+16,1.0,1.0,1.0,1.0,1.0,1.0,1.0,1.0,0.0028102769871271426,-0.04394946408498657,-0.04675974
31920.61,2289066919040.0,31920.61,31057.06,31231.873333333333,27722.377777777776,27351.836666666666,1.0,1.0,1.0,1.0,1.0,1.0,1.441705859233316e+16,1.441705859233316e+16,1.441591405887364e+16,1.4416120443872466e+16,1.4412696278003524e+16,1.4412667119115346e+16,1.0,1.0,1.0,1.0,1.0,1.0,1.0,1.0,0.0027837395810820544,0.05720103426199885,0.05441729
33461.54,2548214435840.0,33461.54,32691.075000000004,31858.553333333333,28483.420000000002,27957.508333333335,1.0,1.0,1.0,1.0,1.0,1.0,1.4419606806769e+16,1.4419606806769e+16,1.441833269955108e+16,1.441714497483876e+16,1.4413640048849144e+16,1.4413201419617346e+16,1.0,1.0,1.0,1.0,1.0,1.0,1.0,1.0,0.0027369532779332162,0.04827382684729398,0.04553687
38382.33,2607497461760.0,38382.33,35921.935,34588.16,29987.32,29123.361666666664,1.0,1.0,1.0,1.0,1.0,1.0,1.442221430423076e+16,1.442221430423076e+16,1.442091055549988e+16,1.441962656777764e+16,1.4415122948492626e+16,1.4414145955062494e+16,1.0,1.0,1.0,1.0,1.0,1.0,1.0,1.0,0.0027404414238075005,0.14705808519273167,0.14431764
38610.39,2789809934080.0,38610.39,38496.36,36818.08666666667,31476.328888888893,29996.304999999997,1.0,1.0,1.0,1.0,1.0,1.0,1.442500411416484e+16,1.442500411416484e+16,1.44236092091978e+16,1.4422275075054866e+16,1.4416631175498814e+16,1.4415090977266362e+16,1.0,1.0,1.0,1.0,1.0,1.0,1.0,1.0,0.0026960648599915937,0.005941796654866938,0.00324573
37951.97,2215907157760.0,37951.97,38281.18,38314.89666666667,32909.74666666667,30941.28916666667,1.0,1.0,1.0,1.0,1.0,1.0,1.442278820700708e+16,1.442278820700708e+16,1.442389616058596e+16,1.4423335541800894e+16,1.441816769601284e+16,1.441606392208708e+16,1.0,1.0,1.0,1.0,1.0,1.0,1.0,1.0,0.0026442489871625918,-0.017052922801349513,-0.01969717
40364.79,3544276195840.0,40364.79,39158.380000000005,38975.71666666667,34501.12777777778,32234.419166666663,1.0,1.0,1.0,1.0,1.0,1.0,1.442633248320292e+16,1.442633248320292e+16,1.4424560345105e+16,1.4424708268124946e+16,1.4419809770881784e+16,1.4417519278400706e+16,1.0,1.0,1.0,1.0,1.0,1.0,1.0,1.0,0.00264172241008116,0.06357561939472434,0.0609339
36531.41,2544226099200.0,36531.41,38448.100000000006,38282.723333333335,35444.227777777785,33177.9275,1.0,1.0,1.0,1.0,1.0,1.0,1.442378825710372e+16,1.442378825710372e+16,1.442506037015332e+16,1.4424302982437906e+16,1.442089950045508e+16,1.4418549127233586e+16,1.0,1.0,1.0,1.0,1.0,1.0,1.0,1.0,0.002610961788595523,-0.09496841182624749,-0.09757937
36628.58,1869929876480.0,36628.58,36579.995,37841.59333333333,36005.014444444445,34142.708333333336,1.0,1.0,1.0,1.0,1.0,1.0,1.44256581869802e+16,1.44256581869802e+16,1.442472322204196e+16,1.4425259642428946e+16,1.44219133863562e+16,1.441994068261687e+16,1.0,1.0,1.0,1.0,1.0,1.0,1.0,1.0,0.0025766790995398556,0.0026599028069269615,8.322e-05
37077.12,2362662122440.0,37077.12,36852.850000000006,36745.70333333333,36769.86,35062.27166666667,1.0,1.0,1.0,1.0,0.0,1.0,1.442802084910264e+16,1.442802084910264e+16,1.442683951804142e+16,1.4425822431062186e+16,1.4423385755654924e+16,1.4421312935926882e+16,1.0,1.0,1.0,1.0,1.0,1.0,1.0,1.0,0.002544094419669931,0.012245628959681287,0.00970153
36232.22,2391376813000.0,36232.22,36654.67,36645.97333333333,37248.92777777778,35744.66416666667,0.0,1.0,0.0,1.0,0.0,1.0,1.442562947228964e+16,1.442562947228964e+16,1.442682516069614e+16,1.4426436169457494e+16,1.4424338075650088e+16,1.4422283667705682e+16,1.0,1.0,1.0,1.0,1.0,1.0,1.0,1.0,0.0025434055810949086,-0.022787638306319358,-0.02533104
36450.33,2396745080000.0,36450.33,36341.275,36586.55666666667,37581.015555555554,36150.4,0.0,1.0,0.0,1.0,0.0,1.0,1.442802621736964e+16,1.442802621736964e+16,1.442682784482964e+16,1.442722551292064e+16,1.4425273565716826e+16,1.4423241417997312e+16,1.0,1.0,1.0,1.0,1.0,1.0,1.0,1.0,0.0025091318834196195,0.006019780184598034,0.00351065
39278.99,3407253926000.0,39278.99,37864.66,37320.51333333333,37680.64444444445,36907.52333333334,1.0,1.0,1.0,1.0,0.0,1.0,1.443143347129564e+16,1.443143347129564e+16,1.442972984433264e+16,1.442836305365164e+16,1.4426297917612924e+16,1.4424630080154102e+16,1.0,1.0,1.0,1.0,1.0,1.0,1.0,1.0,0.0024730602232295087,0.07760313829806198,0.07513008
41929.93,1964994977000.0,41929.93,40604.46,39219.75,38049.48222222223,37741.63333333334,1.0,1.0,1.0,1.0,1.0,1.0,1.443339846627264e+16,1.443339846627264e+16,1.443241596878414e+16,1.443095271831264e+16,1.442723062340268e+16,1.4425991736315726e+16,1.0,1.0,1.0,1.0,1.0,1.0,1.0,1.0,0.002473793005929987,0.06749002456529563,0.06501623
44476.48,2661838288000.0,44476.48,43203.205,41895.13333333333,38774.427777777775,38659.545,1.0,1.0,1.0,1.0,1.0,1.0,1.443606030456064e+16,1.443606030456064e+16,1.443472938541664e+16,1.4433630747376306e+16,1.4428705300908632e+16,1.4427362861131696e+16,1.0,1.0,1.0,1.0,1.0,1.0,1.0,1.0,0.002454584963916908,0.06073346652379352,0.05827888
44642.33,2210915800000.0,44642.33,44559.405,43682.91333333334,39249.71,39181.21166666666,1.0,1.0,1.0,1.0,1.0,1.0,1.443827122036064e+16,1.443827122036064e+16,1.443716576246064e+16,1.443590999706464e+16,1.4430031827259488e+16,1.4428700937475854e+16,1.0,1.0,1.0,1.0,1.0,1.0,1.0,1.0,0.002454584963916908,0.0037289371820792283,0.00127435
43886.08,2898316854000.0,43886.08,44264.205,44334.96333333334,40066.89555555556,39620.8525,1.0,1.0,1.0,1.0,1.0,1.0,1.443537290350664e+16,1.443537290350664e+16,1.443682206193364e+16,1.4436568142809306e+16,1.4431319010193148e+16,1.4429565003254338e+16,1.0,1.0,1.0,1.0,1.0,1.0,1.0,1.0,0.002435803224412467,-0.016940200029881947,-0.019376
45804.66,2788662515000.0,45804.66,44845.37,44777.69,41086.46,40275.24333333333,1.0,1.0,1.0,1.0,1.0,1.0,1.443816156602164e+16,1.443816156602164e+16,1.443676723476414e+16,1.4437268563296306e+16,1.4432708274531084e+16,1.443084611650555e+16,1.0,1.0,1.0,1.0,1.0,1.0,1.0,1.0,0.002416704178067455,0.04371727891850896,0.04130057
48954.51,2311245316000.0,48954.51,47379.58500000001,46215.083333333336,42406.170000000006,40991.05333333334,1.0,1.0,1.0,1.0,1.0,1.0,1.444047281133764e+16,1.444047281133764e+16,1.443931718867964e+16,1.4438002426955306e+16,1.4434091825890528e+16,1.4432024477183442e+16,1.0,1.0,1.0,1.0,1.0,1.0,1.0,1.0,0.002416704178067455,0.06876702064811746,0.06635032
52270.96,2008111335000.0,52270.96,50612.735,49010.043333333335,44188.252222222225,42302.6825,1.0,1.0,1.0,1.0,1.0,1.0,1.444248092267264e+16,1.444248092267264e+16,1.444147686700514e+16,1.4440371766677306e+16,1.4435964209266418e+16,1.4433582199314186e+16,1.0,1.0,1.0,1.0,1.0,1.0,1.0,1.0,0.002377507849061078,0.0677455458138585,0.06536804
54396.23,1056748069000.0,54396.23,53333.595,51873.899999999994,46182.24111111111,43783.32000000001,1.0,1.0,1.0,1.0,1.0,1.0,1.444353767074164e+16,1.444353767074164e+16,1.444300929670714e+16,1.4442163801583974e+16,1.4437687704085528e+16,1.4435072156294304e+16,1.0,1.0,1.0,1.0,1.0,1.0,1.0,1.0,0.002336896674335247,0.040658713748513486,0.03832182
54170.45,1151761940000.0,54170.45,54283.34,53612.54666666666,47836.84777777778,45207.76416666667,1.0,1.0,1.0,1.0,1.0,1.0,1.444238590880164e+16,1.444238590880164e+16,1.444296178977164e+16,1.444280150073864e+16,1.4438904641586194e+16,1.4436269244602558e+16,1.0,1.0,1.0,1.0,1.0,1.0,1.0,1.0,0.002336896674335247,-0.004150655293574723,-0.00648755
54641.11,106332651000.0,54641.11,54405.78,54402.59666666667,49249.20111111111,46741.83833333334,1.0,1.0,1.0,1.0,1.0,1.0,1.444249224145264e+16,1.444249224145264e+16,1.444243907512714e+16,1.4442805273665306e+16,1.4439915061050638e+16,1.4437674475366142e+16,1.0,1.0,1.0,1.0,1.0,1.0,1.0,1.0,0.0023160262920845142,0.008688500833941903,0.00637247
60465.06,142896936000.0,60465.06,57553.085,56425.54,51025.71,48743.065833333334,1.0,1.0,1.0,1.0,1.0,1.0,1.444263513838864e+16,1.444263513838864e+16,1.444256368992064e+16,1.444250442954764e+16,1.4440645598142638e+16,1.4438891885451058e+16,1.0,1.0,1.0,1.0,1.0,1.0,1.0,1.0,0.0023160262920845142,0.10658549945270135,0.10426947
65316.79,111714343000.0,65316.79,62890.925,60140.986666666664,53322.87222222223,50912.88250000001,1.0,1.0,1.0,1.0,1.0,1.0,1.444274685273164e+16,1.444274685273164e+16,1.444269099556014e+16,1.4442624744190974e+16,1.4441142890628306e+16,1.4439834667237392e+16,1.0,1.0,1.0,1.0,1.0,1.0,1.0,1.0,0.0023160262920845142,0.08024022468513237,0.0779242
63018.43,52385339000.0,63018.43,64167.61,62933.426666666666,55448.68888888889,52670.2575,1.0,1.0,1.0,1.0,1.0,1.0,1.444269446739264e+16,1.444269446739264e+16,1.444272066006214e+16,1.444269215283764e+16,1.4441956397726752e+16,1.4440609333997392e+16,1.0,1.0,1.0,1.0,1.0,1.0,1.0,1.0,0.0023160262920845142,-0.03518788966818487,-0.03750392
63884.68,75006179000.0,63884.68,63451.555,64073.299999999996,57457.58,54287.607500000006,1.0,1.0,1.0,1.0,1.0,1.0,1.444276947357164e+16,1.444276947357164e+16,1.444273197048214e+16,1.4442736931231974e+16,1.4442468387454528e+16,1.4441168431414974e+16,1.0,1.0,1.0,1.0,1.0,1.0,1.0,1.0,0.0023160262920845142,0.013745978755738575,0.01142995
59490.9,64972999000.0,59490.9,61687.79,62131.33666666666,58628.29,55524.988333333335,1.0,1.0,1.0,1.0,1.0,1.0,1.444270450057264e+16,1.444270450057264e+16,1.444273698707214e+16,1.444272281384564e+16,1.4442716352925084e+16,1.444153787143264e+16,0.0,1.0,1.0,1.0,1.0,1.0,1.0,1.0,0.0023160262920845142,-0.06877673958764452,-0.07109277
63496.48,48383941000.0,63496.48,61493.69,62290.68666666667,59875.57,57159.18833333333,1.0,1.0,1.0,1.0,1.0,1.0,1.444275288451364e+16,1.444275288451364e+16,1.444272869254314e+16,1.4442742286219306e+16,1.4442746570907418e+16,1.4442152869849888e+16,1.0,1.0,0.0,1.0,0.0,1.0,1.0,1.0,0.0023160262920845142,0.06733096994666421,0.06501494
60965.07,21483378000.0,60965.07,62230.775,61317.48333333334,60605.44111111111,58422.555833333325,1.0,1.0,1.0,1.0,1.0,1.0,1.444273140113564e+16,1.444273140113564e+16,1.444274214282464e+16,1.4442729595407306e+16,1.444265698539564e+16,1.4442533689442722e+16,1.0,1.0,1.0,1.0,1.0,1.0,1.0,1.0,0.002351686413994789,-0.03986693435604627,-0.04221862
67868.88,25864312000.0,67868.88,64416.975000000006,64110.14333333333,62127.48888888889,59998.75333333333,1.0,1.0,1.0,1.0,1.0,1.0,1.444275726544764e+16,1.444275726544764e+16,1.444274433329164e+16,1.4442747183698974e+16,1.4442698247245196e+16,1.4442724060618558e+16,1.0,1.0,1.0,1.0,1.0,1.0,1.0,1.0,0.002354132535825901,0.11324205811622967,0.11088793
72592.5,24527463000.0,72592.5,70230.69,67142.15000000001,64122.08777777778,61692.215,1.0,1.0,1.0,1.0,1.0,1.0,1.444278179291064e+16,1.444278179291064e+16,1.444276952917914e+16,1.4442756819831306e+16,1.4442730419629416e+16,1.444274913313839e+16,1.0,1.0,1.0,1.0,1.0,1.0,1.0,1.0,0.002396492288587775,0.06959920364090277,0.06720271
65017.58,28042600000.0,65017.58,68805.04000000001,68492.98666666666,64627.92333333334,62577.32750000001,1.0,1.0,1.0,1.0,1.0,1.0,1.444275375031064e+16,1.444275375031064e+16,1.444276777161064e+16,1.4442764269556306e+16,1.4442743598731864e+16,1.4442683806435808e+16,1.0,1.0,1.0,1.0,1.0,1.0,1.0,1.0,0.0024538396489655035,-0.10434852085270518,-0.10680236
59505.17,22831838000.0,59505.17,62261.375,65705.08333333333,63982.18777777777,63021.88749999999,0.0,0.0,0.0,0.0,1.0,1.0,1.444273091847264e+16,1.444273091847264e+16,1.444274233439164e+16,1.4442755487231306e+16,1.444274182825864e+16,1.4442712557241722e+16,0.0,1.0,1.0,1.0,1.0,1.0,0.0,1.0,0.0024538396489655035,-0.08478337704971495,-0.08723722
55665.33,35435240000.0,55665.33,57585.25,60062.693333333336,63165.176666666666,63107.239166666666,0.0,0.0,0.0,0.0,0.0,0.0,1.444269548323264e+16,1.444269548323264e+16,1.444271320085264e+16,1.444272671733864e+16,1.4442741941129752e+16,1.4442729494056722e+16,0.0,0.0,0.0,0.0,0.0,0.0,0.0,1.0,0.0025077107946599054,-0.06452951903170756,-0.06703723
49537.66,46437749000.0,49537.66,52601.495,54902.72,61571.06333333334,62196.6225,0.0,0.0,0.0,0.0,0.0,0.0,1.444264904548364e+16,1.444264904548364e+16,1.444267226435814e+16,1.444269181572964e+16,1.4442728560231086e+16,1.4442730652981306e+16,0.0,0.0,0.0,0.0,0.0,0.0,0.0,0.0,0.0025069995837153415,-0.11008054744308526,-0.11258755
37260.65,33453362000.0,37260.65,43399.155,47487.880000000005,59101.03555555555,59858.61083333333,0.0,0.0,0.0,0.0,0.0,0.0,1.444261559212164e+16,1.444261559212164e+16,1.444263231880264e+16,1.444265337361264e+16,1.4442718681514308e+16,1.4442719714597138e+16,0.0,0.0,0.0,0.0,0.0,0.0,0.0,0.0,0.0025069995837153415,-0.24783185156505172,-0.25033885
36595.87,32444149000.0,36595.87,36928.26,41131.39333333333,56112.07888888889,57656.730833333335,0.0,0.0,0.0,0.0,0.0,0.0,1.444258314797264e+16,1.444258314797264e+16,1.444259937004714e+16,1.4442615928525974e+16,1.444269982189864e+16,1.4442710437978808e+16,0.0,0.0,0.0,0.0,0.0,0.0,0.0,0.0,0.002508421561034446,-0.01784134200557419,-0.02034976
37550.31,33499197000.0,37550.31,37073.09,37135.61,53510.43888888889,55462.200000000004,0.0,0.0,0.0,0.0,0.0,0.0,1.444261664716964e+16,1.444261664716964e+16,1.444259989757114e+16,1.4442605129087974e+16,1.4442687071457974e+16,1.4442697702445306e+16,0.0,0.0,0.0,0.0,0.0,0.0,0.0,0.0,0.0024342871250004404,0.026080538596295,0.02364625
39296.48,30069513000.0,39296.48,38423.395000000004,37814.22,50335.72777777778,53779.331666666665,0.0,0.0,0.0,0.0,0.0,0.0,1.444264671668264e+16,1.444264671668264e+16,1.444263168192614e+16,1.444261550394164e+16,1.4442674788261864e+16,1.4442692887121142e+16,0.0,0.0,0.0,0.0,0.0,0.0,0.0,0.0,0.0024342871250004404,0.04650214605418723,0.04406786
38179.79,35335865000.0,38179.79,38738.135,38342.193333333336,46512.09333333333,51669.607500000006,0.0,0.0,0.0,0.0,0.0,0.0,1.444261138081764e+16,1.444261138081764e+16,1.444262904875014e+16,1.4442624914889974e+16,1.4442655853584862e+16,1.4442681095146472e+16,0.0,0.0,0.0,0.0,0.0,0.0,0.0,0.0,0.0023143397424036528,-0.02841704905884701,-0.03073139
40917.9,34550716000.0,40917.9,39548.845,39464.723333333335,43834.351111111115,49999.01000000001,0.0,0.0,0.0,0.0,0.0,0.0,1.444264593153364e+16,1.444264593153364e+16,1.444262865617564e+16,1.444263467634464e+16,1.444264387372075e+16,1.444267397267964e+16,1.0,0.0,0.0,0.0,0.0,0.0,0.0,0.0,0.0022265900141024476,0.07171621425890495,0.06948962
47289.53,35239129000.0,47289.53,44103.715,42129.073333333334,42477.05777777778,48284.06416666667,1.0,0.0,1.0,0.0,0.0,0.0,1.444268117066264e+16,1.444268117066264e+16,1.444266355109814e+16,1.444264616100464e+16,1.4442638346186308e+16,1.4442667631447558e+16,1.0,1.0,1.0,0.0,1.0,0.0,0.0,0.0,0.0022265900141024476,0.15571742440350067,0.15349083
53202.37,30445525000.0,53202.37,50245.95,47136.6,42203.39555555556,46668.22,1.0,1.0,1.0,1.0,1.0,1.0,1.444271161618764e+16,1.444271161618764e+16,1.444269639342514e+16,1.444267957279464e+16,1.4442640138736862e+16,1.4442661783387306e+16,1.0,1.0,1.0,1.0,1.0,1.0,0.0,0.0,0.0021313130248953936,0.1250348650113462,0.12290355
51464.03,29458075000.0,51464.03,52333.2,50651.97666666666,42417.43666666667,45538.75750000001,1.0,1.0,1.0,1.0,1.0,1.0,1.444268215811264e+16,1.444268215811264e+16,1.444269688715014e+16,1.4442691648320974e+16,1.4442643817917864e+16,1.4442655817370806e+16,1.0,1.0,1.0,1.0,1.0,1.0,1.0,0.0,0.002079360502935017,-0.03267410831509954,-0.03475347
54765.65,27932003000.0,54765.65,53114.84,53144.01666666667,44362.43666666667,45143.79749999999,1.0,1.0,1.0,1.0,1.0,1.0,1.444271009011564e+16,1.444271009011564e+16,1.444269612411414e+16,1.444270128813864e+16,1.4442654317694972e+16,1.444265408167439e+16,1.0,1.0,1.0,1.0,1.0,1.0,1.0,0.0,0.002079360502935017,0.0641539343110129,0.06207457
56489.4,28071367000.0,56489.4,55627.525,54239.693333333336,46572.828888888886,45212.47,1.0,1.0,1.0,1.0,1.0,1.0,1.444273816148264e+16,1.444273816148264e+16,1.444272412579914e+16,1.4442710136570306e+16,1.4442671541418308e+16,1.4442657638195224e+16,1.0,1.0,1.0,1.0,1.0,1.0,1.0,1.0,0.002079360502935017,0.03147502129528279,0.02939566
61518.95,33944352000.0,61518.95,59004.175,57591.333333333336,49236.01111111111,46210.910833333335,1.0,1.0,1.0,1.0,1.0,1.0,1.444277210583464e+16,1.444277210583464e+16,1.444275513365864e+16,1.4442740119144306e+16,1.4442688814603306e+16,1.4442667893224472e+16,1.0,1.0,1.0,1.0,1.0,1.0,1.0,1.0,0.002079360502935017,0.08903528803633942,0.08695593
61539.2,30950504000.0,61539.2,61529.075,59849.18333333333,51707.42444444445,48234.12333333333,1.0,1.0,1.0,1.0,1.0,1.0,1.444280305633864e+16,1.444280305633864e+16,1.444278758108664e+16,1.4442771107885306e+16,1.4442706185676196e+16,1.4442683515242558e+16,1.0,1.0,1.0,1.0,1.0,1.0,1.0,1.0,0.002079360502935017,0.0003291668664695546,-0.00175019
67050.75,25856341000.0,67050.75,64294.975,63369.63333333333,54915.30888888889,50772.03,1.0,1.0,1.0,1.0,1.0,1.0,1.444282891267964e+16,1.444282891267964e+16,1.444281598450914e+16,1.4442801358284306e+16,1.4442730355883084e+16,1.4442703995634806e+16,1.0,1.0,1.0,1.0,1.0,1.0,1.0,1.0,0.002079360502935017,0.08956161276064689,0.08748225
68587.16,32865799000.0,68587.16,67818.955,65725.70333333332,57989.671111111114,53358.43416666667,1.0,1.0,1.0,1.0,1.0,1.0,1.444286177847864e+16,1.444286177847864e+16,1.444284534557914e+16,1.444283124916564e+16,1.4442754338876972e+16,1.444272442324389e+16,1.0,1.0,1.0,1.0,1.0,1.0,1.0,1.0,0.002079360502935017,0.022914135934348323,0.02083478
65402.25,28139485000.0,65402.25,66994.705,67013.38666666666,60002.195555555554,55533.915,1.0,1.0,1.0,1.0,1.0,1.0,1.444283363899364e+16,1.444283363899364e+16,1.444284770873614e+16,1.4442841443383974e+16,1.4442771279802638e+16,1.4442740000103138e+16,1.0,1.0,1.0,1.0,1.0,1.0,1.0,1.0,0.002079360502935017,-0.04643595098557807,-0.04851531
66510.94,37817278000.0,66510.94,65956.595,66833.45,61480.92555555555,57894.84416666667,1.0,1.0,1.0,1.0,1.0,1.0,1.444287145627164e+16,1.444287145627164e+16,1.444285254763264e+16,1.4442855624581306e+16,1.4442789039811974e+16,1.444276167305764e+16,1.0,1.0,1.0,1.0,1.0,1.0,1.0,1.0,0.002079360502935017,0.016951863276875034,0.0148725
70374.54,34293567000.0,70374.54,68442.73999999999,67429.24333333333,63582.09333333333,60349.56416666667,1.0,1.0,1.0,1.0,1.0,1.0,1.444290574983864e+16,1.444290574983864e+16,1.444288860305514e+16,1.4442870281701306e+16,1.4442813883337084e+16,1.4442783324583056e+16,1.0,1.0,1.0,1.0,1.0,1.0,1.0,1.0,0.0021549388492187503,0.05808969171086731,0.05593475
67533.75,52407773000.0,67533.75,68954.14499999999,68139.74333333333,65000.771111111106,62036.5825,1.0,1.0,1.0,1.0,1.0,1.0,1.444285334206564e+16,1.444285334206564e+16,1.444287954595214e+16,1.4442876849391974e+16,1.4442829800220416e+16,1.4442797672199974e+16,1.0,1.0,1.0,1.0,1.0,1.0,1.0,1.0,0.0021539644662951817,-0.04036672921769713,-0.04252069
63033.1,36575249000.0,63033.1,65283.425,66980.46333333333,65727.8488888889,62855.81,0.0,1.0,0.0,1.0,1.0,1.0,1.444281676681664e+16,1.444281676681664e+16,1.444283505444114e+16,1.444285861957364e+16,1.4442838534146418e+16,1.444280643475239e+16,0.0,1.0,0.0,1.0,1.0,1.0,1.0,1.0,0.0022265900141024476,-0.06664297480889192,-0.06886956
60934.58,34777342000.0,60934.58,61983.84,63833.81,65662.91888888889,63645.02249999999,0.0,0.0,0.0,0.0,0.0,1.0,1.444278198947464e+16,1.444278198947464e+16,1.444279937814564e+16,1.4442817366118974e+16,1.444283963232864e+16,1.4442814754032554e+16,0.0,0.0,0.0,0.0,0.0,1.0,0.0,1.0,0.002271327473304554,-0.03329234957506444,-0.03556368
67523.94,38355726000.0,67523.94,64229.259999999995,63830.54,66327.89,64708.21333333334,1.0,1.0,0.0,0.0,0.0,0.0,1.444282034520064e+16,1.444282034520064e+16,1.444280116733764e+16,1.4442806367163974e+16,1.4442841553313308e+16,1.4442823941956306e+16,0.0,0.0,0.0,0.0,0.0,0.0,1.0,1.0,0.002271327473304554,0.10813826894351286,0.10586694
65154.26,43837208000.0,65154.26,66339.09999999999,64537.59333333333,66117.16888888889,65430.285,0.0,0.0,1.0,1.0,0.0,0.0,1.444277650799264e+16,1.444277650799264e+16,1.444279842659664e+16,1.4442792947555974e+16,1.4442835730570308e+16,1.4442827137498806e+16,0.0,0.0,0.0,0.0,0.0,0.0,0.0,1.0,0.002271327473304554,-0.035093923725422416,-0.03736525
69438.23,48426313000.0,69438.23,67296.245,67372.14333333333,66211.73222222223,66090.22499999999,1.0,1.0,1.0,1.0,1.0,1.0,1.444282493430564e+16,1.444282493430564e+16,1.444280072114914e+16,1.444280726249964e+16,1.4442831636773306e+16,1.4442831539871392e+16,0.0,0.0,0.0,0.0,0.0,0.0,1.0,1.0,0.002271327473304554,0.06575118802669233,0.06347986
70686.21,34132789000.0,70686.21,70062.22,68426.23333333334,66798.83888888889,66852.47583333333,1.0,1.0,1.0,1.0,1.0,1.0,1.444285906709464e+16,1.444285906709464e+16,1.444284200070014e+16,1.444282016979764e+16,1.4442834462117862e+16,1.444283620743439e+16,1.0,1.0,1.0,1.0,0.0,0.0,1.0,1.0,0.002271327473304554,0.017972520324899044,0.01570119
67731.17,42491749000.0,67731.17,69208.69,69285.20333333332,66934.42,66909.1775,1.0,1.0,1.0,1.0,1.0,1.0,1.444281657534564e+16,1.444281657534564e+16,1.444283782122014e+16,1.4442833525581974e+16,1.4442828364237194e+16,1.4442835179323224e+16,0.0,0.0,1.0,1.0,1.0,0.0,1.0,1.0,0.0022722041532988115,-0.04180504231306226,-0.04407725
69309.98,41876553000.0,69309.98,68520.575,69242.45333333332,66816.13555555556,66969.41249999999,1.0,1.0,1.0,1.0,1.0,1.0,1.444285845189864e+16,1.444285845189864e+16,1.444283751362214e+16,1.4442844698112974e+16,1.4442823108910528e+16,1.4442834902108224e+16,1.0,1.0,1.0,1.0,1.0,1.0,0.0,1.0,0.0023151833348291407,0.023309947251760166,0.02099476
66574.88,48663539000.0,66574.88,67942.43,67872.01,66709.59444444446,67067.13166666667,0.0,0.0,1.0,1.0,1.0,1.0,1.444280978835964e+16,1.444280978835964e+16,1.444283412012914e+16,1.4442828271867974e+16,1.4442818269609864e+16,1.4442832914555392e+16,0.0,0.0,1.0,1.0,1.0,0.0,0.0,1.0,0.0023151833348291407,-0.039461849505655455,-0.04177703
67380.7,45965371000.0,67380.7,66977.79000000001,67755.18666666666,67192.66111111111,67139.61166666668,1.0,1.0,0.0,0.0,1.0,1.0,1.444285575373064e+16,1.444285575373064e+16,1.444283277104514e+16,1.444284133132964e+16,1.4442822601489196e+16,1.4442831606010306e+16,1.0,1.0,1.0,1.0,1.0,1.0,1.0,1.0,0.002356573341571595,0.012103964738652051,0.00974739
68588.06,43543633000.0,68588.06,67984.38,67514.54666666668,68043.04777777777,66990.73833333333,1.0,1.0,0.0,1.0,0.0,1.0,1.444289929736364e+16,1.444289929736364e+16,1.444287752554714e+16,1.444285494648464e+16,1.4442835635699086e+16,1.4442831068304058e+16,1.0,1.0,1.0,1.0,1.0,1.0,1.0,0.0,0.0023767098407143326,0.0179184840763007,0.01554177
66119.4,48360075000.0,66119.4,67353.73,67362.72,67886.98777777777,66872.87583333334,0.0,0.0,0.0,1.0,0.0,1.0,1.444285093728864e+16,1.444285093728864e+16,1.444287511732614e+16,1.4442868662794306e+16,1.4442839034819976e+16,1.4442830867905974e+16,1.0,1.0,1.0,1.0,1.0,1.0,0.0,0.0,0.0023767098407143326,-0.03599256197069878,-0.03836927
64616.35,39742561000.0,64616.35,65367.875,66441.27,67827.22,67004.81333333334,0.0,0.0,0.0,0.0,0.0,0.0,1.444281119472764e+16,1.444281119472764e+16,1.444283106600814e+16,1.4442853809793306e+16,1.444284288890164e+16,1.4442830403565222e+16,0.0,0.0,0.0,1.0,1.0,1.0,0.0,1.0,0.002396492288587775,-0.02273235994277012,-0.02512885
62403.64,41715968000.0,62403.64,63509.994999999995,64379.79666666666,67045.5988888889,67127.235,0.0,0.0,0.0,0.0,0.0,0.0,1.444276947875964e+16,1.444276947875964e+16,1.444279033674364e+16,1.4442810536925306e+16,1.4442836727174308e+16,1.444282936100564e+16,0.0,0.0,0.0,0.0,0.0,0.0,0.0,1.0,0.0024159334568143475,-0.034243809809746284,-0.03665974
58823.45,72287607000.0,58823.45,60613.545,61947.81333333333,65727.51444444444,66402.19416666667,0.0,0.0,0.0,0.0,0.0,0.0,1.444269719115264e+16,1.444269719115264e+16,1.444273333495614e+16,1.4442759288213306e+16,1.4442818740958528e+16,1.4442819098168306e+16,0.0,0.0,0.0,0.0,0.0,0.0,0.0,0.0,0.0024151622089323864,-0.05737149307316047,-0.05978666
56498.24,55531342000.0,56498.24,57660.845,59241.776666666665,64479.411111111105,65680.85916666666,0.0,0.0,0.0,0.0,0.0,0.0,1.444264165981064e+16,1.444264165981064e+16,1.444266942548164e+16,1.4442702776574306e+16,1.4442799305899086e+16,1.4442807860819808e+16,0.0,0.0,0.0,0.0,0.0,0.0,0.0,0.0,0.002375112124029548,-0.03952862336364149,-0.04190374
52319.0,53851605000.0,52319.0,54408.619999999995,55880.23,62591.52444444444,64254.25666666666,0.0,0.0,0.0,0.0,0.0,0.0,1.444258780820564e+16,1.444258780820564e+16,1.444261473400814e+16,1.4442642219722974e+16,1.444276923437764e+16,1.4442788100311472e+16,0.0,0.0,0.0,0.0,0.0,0.0,0.0,0.0,0.002334412650850877,-0.07397115379169328,-0.07630557
58300.3,48805290000.0,58300.3,55309.65,55705.84666666666,61672.12666666667,63222.0975,0.0,0.0,0.0,0.0,0.0,0.0,1.444263661349564e+16,1.444263661349564e+16,1.444261221085064e+16,1.444262202717064e+16,1.4442749992726084e+16,1.4442769562511558e+16,0.0,0.0,0.0,0.0,0.0,0.0,0.0,0.0,0.002334412650850877,0.11432366826583085,0.11198926
56876.07,51411654000.0,56876.07,57588.185,55831.79,60504.945555555554,62317.50583333333,0.0,0.0,0.0,0.0,0.0,0.0,1.444258520184164e+16,1.444258520184164e+16,1.444261090766864e+16,1.444260320784764e+16,1.4442719931405084e+16,1.4442750281386224e+16,0.0,0.0,0.0,0.0,0.0,0.0,0.0,0.0,0.0022930405291384927,-0.024429205338566073,-0.02672225
56755.13,55119837000.0,56755.13,56815.6,57310.5,59190.17555555555,61271.26833333333,0.0,0.0,0.0,0.0,0.0,0.0,1.444253008200464e+16,1.444253008200464e+16,1.444255764192314e+16,1.444258396578064e+16,1.4442678907476306e+16,1.444272291722839e+16,0.0,0.0,0.0,0.0,0.0,0.0,0.0,0.0,0.0022482884142621205,-0.0021263775784789996,-0.00437467
63085.06,52916295000.0,63085.06,59920.095,58905.420000000006,58853.026666666665,60980.450000000004,1.0,1.0,1.0,0.0,1.0,0.0,1.444258299829964e+16,1.444258299829964e+16,1.444255654015214e+16,1.444256609404864e+16,1.4442649136477528e+16,1.4442704018056726e+16,0.0,0.0,0.0,0.0,0.0,0.0,0.0,0.0,0.0022482884142621205,0.11153053477280372,0.10928225
65811.96,55588855000.0,65811.96,64448.509999999995,61884.049999999996,58985.87222222222,60849.72166666666,1.0,1.0,1.0,1.0,1.0,1.0,1.444263858715464e+16,1.444263858715464e+16,1.444261079272714e+16,1.4442583889152974e+16,1.4442629957858308e+16,1.4442685920842056e+16,1.0,0.0,0.0,0.0,0.0,0.0,1.0,0.0,0.002179023467762373,0.04322576533968592,0.04104674
64514.56,54261216000.0,64514.56,65163.259999999995,64470.52666666667,59220.41888888889,60510.263333333336,1.0,1.0,1.0,1.0,1.0,1.0,1.444258432593864e+16,1.444258432593864e+16,1.444261145654664e+16,1.4442601970464306e+16,1.4442609385322638e+16,1.4442659673223306e+16,0.0,0.0,1.0,0.0,0.0,0.0,1.0,0.0,0.002105133951028362,-0.0197137420006942,-0.02181888
61820.26,77092556000.0,61820.26,63167.40999999999,64048.926666666666,59553.39777777778,60152.00166666667,1.0,1.0,1.0,1.0,1.0,1.0,1.444250723338264e+16,1.444250723338264e+16,1.444254577966064e+16,1.4442576715491974e+16,1.4442588278903752e+16,1.4442631031231138e+16,0.0,0.0,0.0,0.0,0.0,0.0,1.0,0.0,0.0020518985164930405,-0.041762665668029,-0.04381456
54488.05,62934053000.0,54488.05,58154.155,60274.29,59330.043333333335,59307.97666666666,0.0,0.0,0.0,0.0,1.0,1.0,1.444244429932964e+16,1.444244429932964e+16,1.444247576635614e+16,1.444251195288364e+16,1.4442566349961418e+16,1.444260045661464e+16,0.0,0.0,0.0,0.0,0.0,0.0,0.0,0.0,0.0020529675633415324,-0.11860529218091287,-0.12065826
54355.43,59275618000.0,54355.43,54421.73999999999,56887.91333333333,59556.31333333334,58637.2925,0.0,0.0,0.0,0.0,0.0,0.0,1.444238502371164e+16,1.444238502371164e+16,1.444241466152064e+16,1.4442445518807974e+16,1.4442543818350972e+16,1.4442568418693974e+16,0.0,0.0,0.0,0.0,0.0,0.0,1.0,0.0,0.0019970687260719554,-0.0024339281732417284,-0.004431
56091.0,76299454000.0,56091.0,55223.215,54978.159999999996,59310.83555555556,58409.58833333334,0.0,0.0,0.0,0.0,0.0,0.0,1.444246132316564e+16,1.444246132316564e+16,1.444242317343864e+16,1.4442430215402306e+16,1.444252434164764e+16,1.444254876302839e+16,0.0,0.0,0.0,0.0,0.0,0.0,0.0,0.0,0.001939335697610507,0.03193002060695682,0.02999068
57065.06,70744857000.0,57065.06,56578.02999999999,55837.16333333333,59331.834444444445,58456.823333333334,0.0,0.0,0.0,0.0,0.0,0.0,1.444253206802264e+16,1.444253206802264e+16,1.444249669559414e+16,1.4442459471633306e+16,1.4442518437889974e+16,1.444253963037939e+16,1.0,0.0,0.0,0.0,0.0,0.0,1.0,1.0,0.001939335697610507,0.01736570929382597,0.01542637
59171.24,65394378000.0,59171.24,58118.149999999994,57442.43333333333,59600.29111111111,59027.84333333333,0.0,1.0,0.0,0.0,0.0,0.0,1.444259746240064e+16,1.444259746240064e+16,1.444256476521164e+16,1.444253028452964e+16,1.444252592460064e+16,1.444254043489564e+16,1.0,1.0,1.0,1.0,1.0,0.0,1.0,1.0,0.001909276187315183,0.03690839893973652,0.03499912
57065.39,62039425000.0,57065.39,58118.31499999999,57767.23,58931.43888888889,58924.934166666666,0.0,0.0,0.0,0.0,0.0,0.0,1.444253542297564e+16,1.444253542297564e+16,1.444256644268814e+16,1.4442554984466306e+16,1.4442520638453528e+16,1.4442532002352306e+16,1.0,1.0,1.0,1.0,1.0,1.0,0.0,0.0,0.001909276187315183,-0.03558908010040007,-0.03749836
57479.38,62250177000.0,57479.38,57272.384999999995,57905.33666666667,58005.596666666665,58975.21,0.0,0.0,0.0,0.0,0.0,0.0,1.444259767315264e+16,1.444259767315264e+16,1.444256654806414e+16,1.4442576852842974e+16,1.4442516092453308e+16,1.4442533041628224e+16,1.0,1.0,1.0,1.0,1.0,1.0,0.0,1.0,0.0019274117211005315,0.007254659961142718,0.00532725
60990.34,77083241000.0,60990.34,59234.859999999986,58511.70333333333,57614.01666666667,59328.144166666665,1.0,1.0,1.0,0.0,1.0,0.0,1.444267475639364e+16,1.444267475639364e+16,1.444263621477314e+16,1.4442602617507306e+16,1.444252614028164e+16,1.4442545097827306e+16,1.0,1.0,1.0,1.0,1.0,1.0,0.0,1.0,0.0019056123541752413,0.06108207847753411,0.05917647
59764.49,71002387000.0,59764.49,60377.41499999999,59411.40333333333,57385.59777777778,59051.42999999999,1.0,1.0,1.0,1.0,1.0,1.0,1.444260375400664e+16,1.444260375400664e+16,1.444263925520014e+16,1.444262539451764e+16,1.4442536864795418e+16,1.4442546827469558e+16,1.0,1.0,1.0,1.0,1.0,1.0,0.0,0.0,0.0019165668695055892,-0.020099084543552248,-0.02201565
57422.21,86583962000.0,57422.21,58593.34999999999,59392.34666666666,57711.61555555556,58352.28416666667,0.0,0.0,1.0,1.0,1.0,1.0,1.444251717004464e+16,1.444251717004464e+16,1.444256046202564e+16,1.4442598560148306e+16,1.4442544961541528e+16,1.4442536709377056e+16,0.0,0.0,1.0,1.0,1.0,1.0,1.0,0.0,0.0019117118723797,-0.039191834482315446,-0.04110355
56348.07,106424782000.0,56348.07,56885.13999999999,57844.92333333333,57933.01999999999,57671.743333333325,0.0,0.0,0.0,0.0,0.0,1.0,1.444241074526264e+16,1.444241074526264e+16,1.444246395765364e+16,1.4442510556437974e+16,1.444254781949164e+16,1.4442522244320722e+16,0.0,0.0,0.0,0.0,0.0,0.0,1.0,0.0,0.001940520919936375,-0.018706002433553137,-0.02064652
55918.73,108599220000.0,55918.73,56133.399999999994,56563.003333333334,57913.87888888889,57179.94916666666,0.0,0.0,0.0,0.0,0.0,0.0,1.444230214604264e+16,1.444230214604264e+16,1.444235644565264e+16,1.4442410020449974e+16,1.444253013314464e+16,1.4442505153709056e+16,0.0,0.0,0.0,0.0,0.0,0.0,0.0,0.0,0.001998192731316808,-0.0076194268943017285,-0.00961762
53512.25,114210956000.0,53512.25,54715.48999999999,55259.68333333333,57519.12222222222,57098.6325,0.0,0.0,0.0,0.0,0.0,0.0,1.444218793508664e+16,1.444218793508664e+16,1.444224504056464e+16,1.4442300275463974e+16,1.4442491896151752e+16,1.4442483790022138e+16,0.0,0.0,0.0,0.0,0.0,0.0,0.0,0.0,0.001998192731316808,-0.04303531213959977,-0.0450335
47457.9,113296806000.0,47457.9,50485.075,52296.293333333335,56217.63999999999,56523.838333333326,0.0,0.0,0.0,0.0,0.0,0.0,1.444207463828064e+16,1.444207463828064e+16,1.444213128668364e+16,1.4442188239803306e+16,1.4442433804582862e+16,1.4442457924569558e+16,0.0,0.0,0.0,0.0,0.0,0.0,0.0,0.0,0.0020529675633415324,-0.11313951478399797,-0.11519248
48235.0,145180005000.0,48235.0,47846.45,49735.049999999996,55236.485555555555,55869.17166666666,0.0,0.0,0.0,0.0,0.0,0.0,1.444221981828564e+16,1.444221981828564e+16,1.444214722828314e+16,1.444216079721764e+16,1.4442398737395082e+16,1.444243779916289e+16,0.0,0.0,0.0,0.0,0.0,0.0,0.0,0.0,0.002105133951028362,0.016374512989407508,0.01426938
50012.33,125978559000.0,50012.33,49123.66499999999,48568.41,54406.81333333333,55281.444166666675,0.0,0.0,0.0,0.0,0.0,0.0,1.444234579684464e+16,1.444234579684464e+16,1.444228280756514e+16,1.444221341780364e+16,1.4442370751138638e+16,1.4442422276564722e+16,0.0,0.0,0.0,0.0,0.0,0.0,0.0,0.0,0.002105133951028362,0.03684731004457342,0.03474218
52337.32,129969686000.0,52337.32,51174.825,50194.88333333334,53445.36666666667,54711.950833333336,0.0,0.0,0.0,0.0,0.0,0.0,1.444247576653064e+16,1.444247576653064e+16,1.444241078168764e+16,1.4442347127220306e+16,1.4442348641153864e+16,1.4442412135242224e+16,1.0,1.0,1.0,0.0,0.0,0.0,0.0,0.0,0.0021549388492187503,0.04648833597634816,0.0443334
54255.03,65607639000.0,54255.03,53296.17499999999,52201.56,52833.20444444444,54477.75416666667,1.0,0.0,1.0,0.0,0.0,0.0,1.444254137416964e+16,1.444254137416964e+16,1.444250857035014e+16,1.4442454312514974e+16,1.4442341710060862e+16,1.4442412631175056e+16,1.0,1.0,1.0,1.0,1.0,1.0,0.0,0.0,0.0022025953017076683,0.036641348850113165,0.03443875
52479.11,56405256000.0,52479.11,53367.06999999999,53023.82,52283.97111111112,54061.065,1.0,0.0,1.0,0.0,1.0,0.0,1.444248496891364e+16,1.444248496891364e+16,1.444251317154164e+16,1.444250070320464e+16,1.4442338132157418e+16,1.4442403239155138e+16,1.0,1.0,1.0,1.0,1.0,1.0,0.0,0.0,0.0022025953017076683,-0.032732817583917995,-0.03493541
51522.19,73708500000.0,51522.19,52000.649999999994,52752.11000000001,51747.76222222223,53272.0525,0.0,0.0,1.0,0.0,1.0,0.0,1.444241126041364e+16,1.444241126041364e+16,1.444244811466364e+16,1.444247920116564e+16,1.4442338189396418e+16,1.4442381281156806e+16,1.0,1.0,1.0,1.0,1.0,1.0,0.0,0.0,0.0022482884142621205,-0.01823430313509511,-0.02048259
47622.76,64038205000.0,47622.76,49572.47499999999,50541.35333333333,50825.98777777778,52260.24166666667,0.0,0.0,0.0,0.0,0.0,0.0,1.444234722220864e+16,1.444234722220864e+16,1.444237924131114e+16,1.4442414483845306e+16,1.4442343197859306e+16,1.444235990350697e+16,1.0,0.0,1.0,1.0,1.0,1.0,0.0,0.0,0.002270450103825352,-0.07568447692149727,-0.07795493
47092.24,67632253000.0,47092.24,47357.49999999999,48745.73,50112.653333333335,51399.41083333333,0.0,0.0,0.0,0.0,0.0,0.0,1.444227958995564e+16,1.444227958995564e+16,1.444231340608214e+16,1.444234602419264e+16,1.444235338173364e+16,1.4442340105166224e+16,0.0,0.0,0.0,0.0,0.0,1.0,0.0,0.0,0.002270450103825352,-0.011140051521583483,-0.0134105
50412.05,72968489000.0,50412.05,48752.14499999999,48375.68333333333,50440.892222222225,50904.7425,0.0,0.0,0.0,0.0,0.0,0.0,1.444235255844464e+16,1.444235255844464e+16,1.444231607420014e+16,1.444232645686964e+16,1.4442384261751862e+16,1.4442335256264722e+16,0.0,1.0,0.0,0.0,0.0,0.0,1.0,0.0,0.0022921800635768166,0.07049590335902489,0.06820372
51630.28,73703246000.0,51630.28,51021.16499999999,49711.52333333334,50818.14555555556,50547.37166666667,1.0,1.0,1.0,1.0,0.0,0.0,1.444242626169064e+16,1.444242626169064e+16,1.444238941006764e+16,1.444235280336364e+16,1.4442407199907976e+16,1.444234559923539e+16,1.0,1.0,0.0,1.0,0.0,1.0,1.0,0.0,0.0022921800635768166,0.024165452505898743,0.02187327
51239.34,53445147000.0,51239.34,51434.80999999999,51093.88999999999,50954.48,50357.9625,1.0,1.0,1.0,1.0,1.0,1.0,1.444237281654364e+16,1.444237281654364e+16,1.444239953911714e+16,1.4442383878892974e+16,1.4442410202096752e+16,1.4442361006023472e+16,0.0,1.0,0.0,1.0,0.0,1.0,1.0,0.0,0.0022921800635768166,-0.007571913226114613,-0.00986409
53170.46,68057931000.0,53170.46,52204.899999999994,52013.35999999999,51047.05111111111,50834.00916666666,1.0,1.0,1.0,1.0,1.0,1.0,1.444244087447464e+16,1.444244087447464e+16,1.444240684550914e+16,1.444241331756964e+16,1.444240632520164e+16,1.4442391525706306e+16,1.0,1.0,1.0,1.0,1.0,1.0,1.0,1.0,0.0022921800635768166,0.03768822939561689,0.03539605
55827.37,72747453000.0,55827.37,54498.91499999999,53412.38999999999,51221.75555555556,51466.706666666665,1.0,1.0,1.0,1.0,1.0,1.0,1.444251362192764e+16,1.444251362192764e+16,1.444247724820114e+16,1.444244243764864e+16,1.4442403241619196e+16,1.4442416009343142e+16,1.0,1.0,1.0,1.0,1.0,1.0,1.0,1.0,0.0022921800635768166,0.04996966360644617,0.04767748
61294.48,83748813000.0,61294.48,58560.924999999996,56764.10333333333,52201.24111111111,52406.885833333334,1.0,1.0,1.0,1.0,1.0,1.0,1.444259737074064e+16,1.444259737074064e+16,1.444255549633414e+16,1.444251728904764e+16,1.4442415730711086e+16,1.4442436973834474e+16,1.0,1.0,1.0,1.0,1.0,1.0,1.0,1.0,0.0022921800635768166,0.09792884744525843,0.09563667
54115.21,115826032000.0,54115.21,57704.844999999994,57079.02,52489.35444444444,52555.043333333335,1.0,1.0,1.0,1.0,1.0,1.0,1.444248154470864e+16,1.444248154470864e+16,1.444253945772464e+16,1.4442530845792306e+16,1.4442423540077194e+16,1.4442437455349306e+16,1.0,1.0,1.0,1.0,1.0,1.0,1.0,1.0,0.002313495513806516,-0.11712751295059531,-0.11944101
54628.6,67382228000.0,54628.6,54371.90499999999,56679.43,53267.78111111111,52586.174166666664,1.0,1.0,1.0,1.0,1.0,1.0,1.444254892693664e+16,1.444254892693664e+16,1.444251523582264e+16,1.444254261412864e+16,1.444244595171364e+16,1.4442438084746558e+16,1.0,1.0,1.0,1.0,1.0,1.0,1.0,1.0,0.002313495513806516,0.009486981571354969,0.00717349
54719.47,69815762000.0,54719.47,54674.03499999999,54487.76,54115.25111111111,52772.87083333333,1.0,1.0,1.0,1.0,1.0,1.0,1.444261874269864e+16,1.444261874269864e+16,1.444258383481764e+16,1.444254973811464e+16,1.4442483635351752e+16,1.4442449232561974e+16,1.0,1.0,1.0,1.0,1.0,1.0,1.0,1.0,0.002354946727223748,0.0016634144019800345,-0.00069153
50004.5,77719825000.0,50004.5,52361.98499999999,53117.52333333334,54069.96777777778,52646.39666666667,0.0,0.0,0.0,0.0,0.0,1.0,1.444254102287364e+16,1.444254102287364e+16,1.444257988278614e+16,1.444256956416964e+16,1.4442504575843862e+16,1.444246004610031e+16,1.0,1.0,1.0,1.0,1.0,1.0,0.0,0.0,0.0023949224165358716,-0.0861662220047088,-0.08856114
46933.49,65310224000.0,46933.49,48468.994999999995,50552.486666666664,53548.102222222224,52588.9575,0.0,0.0,0.0,0.0,0.0,0.0,1.444247571264964e+16,1.444247571264964e+16,1.444250836776164e+16,1.4442545159407306e+16,1.4442510070394862e+16,1.4442470753637058e+16,0.0,1.0,0.0,1.0,1.0,1.0,0.0,0.0,0.0023949224165358716,-0.06141467267945888,-0.0638096
51579.99,79889726000.0,51579.99,49256.73999999999,49505.993333333325,53585.95222222222,52962.93666666667,0.0,0.0,0.0,0.0,0.0,0.0,1.444255560237564e+16,1.444255560237564e+16,1.444251565751264e+16,1.4442524112632974e+16,1.4442530379931752e+16,1.4442493754672058e+16,1.0,1.0,0.0,1.0,0.0,1.0,1.0,1.0,0.002433528312094886,0.09900180020705895,0.09656827
51186.27,81114611000.0,51186.27,51383.12999999999,49899.916666666664,53365.486666666664,53027.454999999994,0.0,0.0,0.0,0.0,0.0,0.0,1.444247448776464e+16,1.444247448776464e+16,1.444251504507014e+16,1.4442501934263306e+16,1.4442534114741752e+16,1.4442503915448726e+16,0.0,0.0,0.0,1.0,0.0,0.0,0.0,1.0,0.00247085902939685,-0.007633192639238562,-0.01010405
56230.03,69372848000.0,56230.03,53708.149999999994,52998.76333333333,53410.22666666666,53410.767499999994,1.0,1.0,1.0,1.0,0.0,0.0,1.444254386061264e+16,1.444254386061264e+16,1.444250917418864e+16,1.4442524650250974e+16,1.444253747459564e+16,1.444251371535889e+16,1.0,1.0,0.0,0.0,0.0,1.0,1.0,1.0,0.00247085902939685,0.098537361679216,0.0960665
52752.9,63039036000.0,52752.9,54491.465,53389.73333333334,52461.16222222222,53536.8975,1.0,0.0,1.0,1.0,1.0,0.0,1.444248082157664e+16,1.444248082157664e+16,1.444251234109464e+16,1.4442499723317974e+16,1.444252452468853e+16,1.444252271577831e+16,0.0,0.0,0.0,0.0,0.0,0.0,0.0,1.0,0.0025069995837153415,-0.06183759816596213,-0.0643446
53080.88,66965059000.0,53080.88,52916.88999999999,54021.27,52346.236666666664,53529.4325,1.0,0.0,1.0,0.0,1.0,1.0,1.444254778663564e+16,1.444254778663564e+16,1.444251430410614e+16,1.4442524156274974e+16,1.4442531884902642e+16,1.4442531625125056e+16,1.0,1.0,0.0,0.0,0.0,0.0,0.0,0.0,0.002542026654322236,0.0062172885282134605,0.00367526
50866.92,73385781000.0,50866.92,51973.899999999994,52233.56666666667,51928.27222222222,53116.06166666667,0.0,0.0,1.0,0.0,1.0,0.0,1.444247440085464e+16,1.444247440085464e+16,1.444251109374514e+16,1.4442501003022306e+16,1.4442523604226862e+16,1.4442528356702306e+16,0.0,0.0,0.0,0.0,0.0,0.0,0.0,0.0,0.002542026654322236,-0.04170918040544913,-0.04425121
46625.08,81482119000.0,46625.08,48745.99999999999,50190.96,51028.89555555555,51893.611666666664,0.0,0.0,0.0,0.0,0.0,0.0,1.444239291873564e+16,1.444239291873564e+16,1.444243365979514e+16,1.4442471702075306e+16,1.4442498512675416e+16,1.4442511319035222e+16,0.0,0.0,0.0,0.0,0.0,0.0,0.0,0.0,0.002542026654322236,-0.08339093461919844,-0.08593296
45064.26,80098064000.0,45064.26,45844.67,47518.753333333334,50479.979999999996,51139.36583333334,0.0,0.0,0.0,0.0,0.0,0.0,1.444231282067164e+16,1.444231282067164e+16,1.444235286970364e+16,1.4442393380087306e+16,1.4442473156875196e+16,1.4442497258698806e+16,0.0,0.0,0.0,0.0,0.0,0.0,0.0,0.0,0.002542026654322236,-0.03347597473291197,-0.036018
45868.81,68602540000.0,45868.81,45466.53499999999,45852.71666666667,50361.68222222222,50409.38333333333,0.0,0.0,0.0,0.0,0.0,0.0,1.444238142321164e+16,1.444238142321164e+16,1.444234712194164e+16,1.444236238753964e+16,1.4442462680270974e+16,1.4442483300055056e+16,0.0,0.0,0.0,0.0,0.0,0.0,0.0,0.0,0.002542026654322236,0.017853394241911236,0.01531137
45121.1,66349196000.0,45121.1,45494.95499999999,45351.38999999999,49644.02777777778,49609.519166666665,0.0,0.0,0.0,0.0,0.0,0.0,1.444231507401564e+16,1.444231507401564e+16,1.444234824861364e+16,1.444233643929964e+16,1.444243595489764e+16,1.4442457994331474e+16,0.0,0.0,0.0,0.0,0.0,0.0,0.0,0.0,0.002542026654322236,-0.016301055117845853,-0.01884308
43348.91,72205511000.0,43348.91,44235.00499999999,44779.60666666667,48773.20999999999,49054.886666666665,0.0,0.0,0.0,0.0,0.0,0.0,1.444224286850464e+16,1.444224286850464e+16,1.444227897126014e+16,1.444231312191064e+16,1.4442410219424306e+16,1.4442433148134058e+16,0.0,0.0,0.0,0.0,0.0,0.0,0.0,0.0,0.002542026654322236,-0.039276303104312515,-0.04181833
40396.51,71697677000.0,40396.51,41872.70999999999,42955.50666666666,47013.93,48510.138333333336,0.0,0.0,0.0,0.0,0.0,0.0,1.444217117082764e+16,1.444217117082764e+16,1.444220701966614e+16,1.444224303778264e+16,1.4442368809448196e+16,1.444240776964889e+16,0.0,0.0,0.0,0.0,0.0,0.0,0.0,0.0,0.002542026654322236,-0.06810782554855477,-0.07064985
42795.17,125118726000.0,42795.17,41595.84,42180.19666666666,45907.515555555554,47778.07000000001,0.0,0.0,0.0,0.0,0.0,0.0,1.444229628955364e+16,1.444229628955364e+16,1.444223373019064e+16,1.4442236776295306e+16,1.4442348305890084e+16,1.4442386160247058e+16,0.0,0.0,0.0,0.0,0.0,0.0,0.0,0.0,0.002542026654322236,0.059377901704875,0.05683588
50054.41,91664870000.0,50054.41,46424.78999999999,44415.363333333335,45571.241111111114,47683.74833333333,1.0,1.0,1.0,0.0,0.0,0.0,1.444238795442364e+16,1.444238795442364e+16,1.444234212198864e+16,1.4442285138268306e+16,1.4442330546755416e+16,1.4442378949135306e+16,1.0,1.0,1.0,0.0,0.0,0.0,0.0,0.0,0.002542026654322236,0.1696275537636609,0.16708553
53909.53,81199581000.0,53909.53,51981.969999999994,48919.70333333333,45909.30888888889,47490.37333333333,1.0,1.0,1.0,1.0,1.0,1.0,1.444246915400464e+16,1.444246915400464e+16,1.444242855421414e+16,1.4442384465993974e+16,1.4442329963772086e+16,1.444237272358464e+16,1.0,1.0,1.0,1.0,1.0,1.0,1.0,0.0,0.002542026654322236,0.07701858837213327,0.07447656
48468.19,81392539000.0,48468.19,51188.85999999999,50810.71,46114.09888888888,47133.31416666667,1.0,1.0,1.0,1.0,1.0,1.0,1.444238776146564e+16,1.444238776146564e+16,1.444242845773514e+16,1.4442414956631306e+16,1.4442329390742084e+16,1.444236496857539e+16,1.0,1.0,1.0,1.0,1.0,1.0,1.0,0.0,0.002542026654322236,-0.100934658491736,-0.10347669
51540.21,77324373000.0,51540.21,50004.2,51305.97666666666,46833.64888888889,47004.924999999996,1.0,1.0,1.0,1.0,1.0,1.0,1.444246508583864e+16,1.444246508583864e+16,1.444242642365214e+16,1.4442440667102974e+16,1.4442346309093974e+16,1.4442358076842306e+16,1.0,1.0,1.0,1.0,1.0,1.0,1.0,0.0,0.002542026654322236,0.06338218943187268,0.06084016
57309.23,83445858000.0,57309.23,54424.719999999994,52439.21,48104.80666666667,47541.78416666667,1.0,1.0,1.0,1.0,1.0,1.0,1.444254853169664e+16,1.444254853169664e+16,1.444250680876764e+16,1.444246712633364e+16,1.4442364876703416e+16,1.4442364254412472e+16,1.0,1.0,1.0,1.0,1.0,1.0,1.0,1.0,0.002542026654322236,0.11193241160639444,0.10939038
57901.45,70189291000.0,57901.45,57605.34,55583.630000000005,49524.845555555556,48481.48166666667,1.0,1.0,1.0,1.0,1.0,1.0,1.444261872098764e+16,1.444261872098764e+16,1.444258362634214e+16,1.4442544112840974e+16,1.4442398615255862e+16,1.4442383071266806e+16,1.0,1.0,1.0,1.0,1.0,1.0,1.0,1.0,0.002542026654322236,0.010333762990708317,0.00779174
58370.15,76618343000.0,58370.15,58135.79999999999,57860.27666666667,51193.87222222223,49590.30583333334,1.0,1.0,1.0,1.0,1.0,1.0,1.444269533933064e+16,1.444269533933064e+16,1.444265703015914e+16,1.4442620864004974e+16,1.4442448889792084e+16,1.4442414947821722e+16,1.0,1.0,1.0,1.0,1.0,1.0,1.0,1.0,0.0025246478074093547,0.008094788645189421,0.00557014
64921.91,85583630000.0,64921.91,61646.03,60397.83666666667,53918.916666666664,51178.06416666667,1.0,1.0,1.0,1.0,1.0,1.0,1.444278092296064e+16,1.444278092296064e+16,1.444273813114564e+16,1.444269832775964e+16,1.4442516640029084e+16,1.4442448239467472e+16,1.0,1.0,1.0,1.0,1.0,1.0,1.0,1.0,0.0025246478074093547,0.11224504305711047,0.1097204
61906.35,65990440000.0,61906.35,63414.12999999999,61732.80333333334,56042.38111111111,52576.835,1.0,1.0,1.0,1.0,1.0,1.0,1.444271493252064e+16,1.444271493252064e+16,1.444274792774064e+16,1.444273039827064e+16,1.4442563155914308e+16,1.4442481561009558e+16,1.0,1.0,1.0,1.0,1.0,1.0,1.0,1.0,0.0025069995837153415,-0.04644903392398658,-0.04895603
60227.28,61914745000.0,60227.28,61066.81499999999,62351.84666666667,57172.7,53983.36583333334,1.0,1.0,1.0,1.0,1.0,1.0,1.444265301777564e+16,1.444265301777564e+16,1.444268397514814e+16,1.444271629108564e+16,1.4442592607397864e+16,1.4442515740115472e+16,1.0,1.0,1.0,1.0,1.0,1.0,1.0,1.0,0.002452347545475486,-0.027122742658871046,-0.02957509
64686.87,58532122000.0,64686.87,62457.075,62273.5,58370.182222222225,56007.5625,1.0,1.0,1.0,1.0,1.0,1.0,1.444271154989764e+16,1.444271154989764e+16,1.444268228383664e+16,1.4442693166731306e+16,1.4442619540274862e+16,1.444256077170464e+16,1.0,1.0,1.0,1.0,1.0,1.0,1.0,1.0,0.0023949224165358716,0.074046013700104,0.07165109
66661.27,75973657000.0,66661.27,65674.06999999999,63858.47333333333,60391.63555555555,57996.404166666674,1.0,1.0,1.0,1.0,1.0,1.0,1.444278752355464e+16,1.444278752355464e+16,1.444274953672614e+16,1.444271736374264e+16,1.4442663958284752e+16,1.444260170787139e+16,1.0,1.0,1.0,1.0,1.0,1.0,1.0,1.0,0.0023949224165358716,0.030522422865722154,0.0281275
64989.21,56791345000.0,64989.21,65825.23999999999,65445.78333333333,61885.968888888885,59240.97083333333,1.0,1.0,1.0,1.0,1.0,1.0,1.444273073220964e+16,1.444273073220964e+16,1.444275912788214e+16,1.4442743268553974e+16,1.4442693474548196e+16,1.4442630272686888e+16,1.0,1.0,1.0,1.0,1.0,1.0,1.0,1.0,0.002313495513806516,-0.025082930463221076,-0.02739643
65404.05,89453805000.0,65404.05,65196.62999999999,65684.84333333334,62785.39333333334,60198.847499999996,1.0,1.0,1.0,1.0,1.0,1.0,1.444282018601464e+16,1.444282018601464e+16,1.444277545911214e+16,1.4442779480592974e+16,1.4442723658361308e+16,1.444265952535439e+16,1.0,1.0,1.0,1.0,1.0,1.0,1.0,1.0,0.002313495513806516,0.006383213459588255,0.00406972
62711.47,67372719000.0,62711.47,64057.75999999999,64368.24333333334,63319.840000000004,61385.787500000006,0.0,1.0,1.0,1.0,1.0,1.0,1.444275281329564e+16,1.444275281329564e+16,1.444278649965514e+16,1.444276791050664e+16,1.444273855750664e+16,1.4442689946340224e+16,1.0,1.0,1.0,1.0,1.0,1.0,1.0,1.0,0.002225676661782783,-0.041168398593053546,-0.04339408
62900.91,55449277000.0,62900.91,62806.18999999999,63672.14333333334,63823.25777777777,62332.51249999999,0.0,1.0,0.0,1.0,0.0,1.0,1.444280826257264e+16,1.444280826257264e+16,1.444278053793414e+16,1.4442793753960974e+16,1.4442751104533528e+16,1.4442718544401392e+16,1.0,1.0,1.0,1.0,1.0,1.0,1.0,1.0,0.0021303175533491435,0.0030208189985021505,0.0008905
65925.1,70274893000.0,65925.1,64413.00499999999,63845.82666666667,63934.723333333335,63050.50166666667,1.0,1.0,1.0,1.0,0.0,1.0,1.444287853746564e+16,1.444287853746564e+16,1.444284340001914e+16,1.444281320444464e+16,1.444276195058964e+16,1.4442746044882142e+16,1.0,1.0,1.0,1.0,1.0,1.0,1.0,1.0,0.0021303175533491435,0.04807863670016865,0.04594832
70848.16,71055639000.0,70848.16,68386.62999999999,66558.05666666667,64928.257777777784,64129.394166666665,1.0,1.0,1.0,1.0,1.0,1.0,1.444294959310464e+16,1.444294959310464e+16,1.444291406528514e+16,1.4442878797714306e+16,1.4442788023987862e+16,1.4442773617558558e+16,1.0,1.0,1.0,1.0,1.0,1.0,1.0,1.0,0.0020259231579212032,0.07467656476819906,0.07265064
74294.53,67886393000.0,74294.53,72571.34499999999,70355.93000000001,66491.28555555556,65456.425833333335,1.0,1.0,1.0,1.0,1.0,1.0,1.444301747949764e+16,1.444301747949764e+16,1.444298353630114e+16,1.4442948536689306e+16,1.444282851973475e+16,1.4442800462572472e+16,1.0,1.0,1.0,1.0,1.0,1.0,1.0,1.0,0.001940520919936375,0.048644453151641454,0.04670393
74310.26,67183818000.0,74310.26,74302.39499999999,73150.98333333334,67560.55111111113,66238.78833333333,1.0,1.0,1.0,1.0,1.0,1.0,1.444308466331564e+16,1.444308466331564e+16,1.444305107140664e+16,1.4443017245305974e+16,1.4442869976781194e+16,1.4442825774268726e+16,1.0,1.0,1.0,1.0,1.0,1.0,1.0,1.0,0.001940520919936375,0.00021172487395770823,-0.0017288
71955.27,56335235000.0,71955.27,73132.76499999998,73520.02,68148.77333333333,67076.19833333333,1.0,1.0,1.0,1.0,1.0,1.0,1.444302832808064e+16,1.444302832808064e+16,1.444305649569814e+16,1.4443043490297974e+16,1.444289673283964e+16,1.4442851890565392e+16,1.0,1.0,1.0,1.0,1.0,1.0,1.0,1.0,0.001879612033440734,-0.03169131691909022,-0.03357093
76402.6,74059092000.0,76402.6,74178.935,74222.71,69416.92777777779,68424.14166666666,1.0,1.0,1.0,1.0,1.0,1.0,1.444310238717264e+16,1.444310238717264e+16,1.444306535762664e+16,1.4443071792856306e+16,1.444293802783553e+16,1.4442889338015142e+16,1.0,1.0,1.0,1.0,1.0,1.0,1.0,1.0,0.001879612033440734,0.06180686974004823,0.05992726
84912.87,73811403000.0,84912.87,80657.73499999999,77756.91333333333,71584.57444444444,70109.64166666666,1.0,1.0,1.0,1.0,1.0,1.0,1.444317619857564e+16,1.444317619857564e+16,1.444313929287414e+16,1.444310230460964e+16,1.444297758478675e+16,1.4442928058738304e+16,1.0,1.0,1.0,1.0,1.0,1.0,1.0,1.0,0.0018478201489038003,0.11138717792326425,0.10953936
85337.16,72306322000.0,85337.16,85125.01499999998,82217.54333333333,74098.54000000001,71665.96583333334,1.0,1.0,1.0,1.0,1.0,1.0,1.444324850489764e+16,1.444324850489764e+16,1.444321235173664e+16,1.4443175696881974e+16,1.4443032661631416e+16,1.4442966473850224e+16,1.0,1.0,1.0,1.0,1.0,1.0,1.0,1.0,0.00181506122989193,0.004996769041018201,0.00318171
85364.83,66969023000.0,85364.83,85350.995,85204.95333333332,76594.53111111111,73363.93416666666,1.0,1.0,1.0,1.0,1.0,1.0,1.444331547392064e+16,1.444331547392064e+16,1.444328198940914e+16,1.4443246725797974e+16,1.4443089018447862e+16,1.4443015202326142e+16,1.0,1.0,1.0,1.0,1.0,1.0,1.0,1.0,0.00181506122989193,0.00032424327221569627,-0.00149082
86110.76,99401319000.0,86110.76,85737.79499999998,85604.25,78837.38222222222,75089.49333333333,1.0,1.0,1.0,1.0,1.0,1.0,1.444341487523964e+16,1.444341487523964e+16,1.444336517458014e+16,1.4443326284685974e+16,1.4443148611533864e+16,1.4443064759761558e+16,1.0,1.0,1.0,1.0,1.0,1.0,1.0,1.0,0.00181506122989193,0.008738141925661802,0.00692308
76779.38,96201725000.0,76779.38,81445.06999999998,82751.65666666666,79496.40666666668,76261.81916666667,0.0,1.0,1.0,1.0,1.0,1.0,1.444331867351464e+16,1.444331867351464e+16,1.444336677437714e+16,1.4443349674224974e+16,1.4443189620468308e+16,1.4443111914779808e+16,1.0,1.0,1.0,1.0,1.0,1.0,1.0,1.0,0.00181506122989193,-0.10836485475218183,-0.11017992
72762.51,71739713000.0,72762.51,74770.94499999998,78550.88333333335,79326.18222222223,77083.61916666667,0.0,0.0,0.0,0.0,0.0,1.0,1.444324693380164e+16,1.444324693380164e+16,1.444328280365814e+16,1.444332682751864e+16,1.4443215115390972e+16,1.4443148470715554e+16,1.0,1.0,1.0,1.0,1.0,1.0,0.0,1.0,0.00181506122989193,-0.05231704137230608,-0.0541321
79212.99,83186962000.0,79212.99,75987.74999999999,76251.62666666666,79870.93,78190.94333333333,0.0,1.0,0.0,0.0,0.0,0.0,1.444333012076364e+16,1.444333012076364e+16,1.444328852728264e+16,1.444329857602664e+16,1.444324238844075e+16,1.4443186102657056e+16,1.0,1.0,1.0,1.0,1.0,1.0,1.0,1.0,0.00181506122989193,0.08865114741094016,0.08683609
76675.48,67447494000.0,76675.48,77944.23499999999,76216.99333333333,80395.39777777779,78676.55333333333,0.0,0.0,0.0,0.0,0.0,0.0,1.444326267326964e+16,1.444326267326964e+16,1.444329639701664e+16,1.4443279909278306e+16,1.4443268426795082e+16,1.4443212192670806e+16,0.0,1.0,1.0,1.0,1.0,1.0,1.0,1.0,0.00181506122989193,-0.032034013613171375,-0.03384907
79350.43,124896585000.0,79350.43,78012.95499999999,78412.96666666666,80722.93444444443,79097.87833333334,0.0,1.0,0.0,0.0,0.0,0.0,1.444338756985464e+16,1.444338756985464e+16,1.444332512156214e+16,1.444332678796264e+16,1.4443300113759752e+16,1.444324303353389e+16,1.0,1.0,1.0,1.0,1.0,1.0,1.0,1.0,0.00181506122989193,0.034886641726924905,0.03307158
87427.56,90783908000.0,87427.56,83388.99499999998,81151.15666666666,81002.34444444445,80190.98666666666,1.0,1.0,1.0,1.0,1.0,1.0,1.444347835376264e+16,1.444347835376264e+16,1.444343296180864e+16,1.4443376198962306e+16,1.4443333686558308e+16,1.4443275841071138e+16,1.0,1.0,1.0,1.0,1.0,1.0,1.0,1.0,0.00181506122989193,0.10179062671746086,0.09997557
89511.16,82217096000.0,89511.16,88469.35999999999,85429.71666666667,81466.12222222221,81653.9775,1.0,1.0,1.0,1.0,1.0,1.0,1.444356057085864e+16,1.444356057085864e+16,1.444351946231064e+16,1.444347549815864e+16,1.4443368360553974e+16,1.4443320194635974e+16,1.0,1.0,1.0,1.0,1.0,1.0,1.0,1.0,0.00181506122989193,0.02383230185081242,0.02201724
87887.26,109598050000.0,87887.26,88699.20999999999,88275.32666666666,81746.39222222223,82611.0325,1.0,1.0,1.0,1.0,1.0,1.0,1.444345097280864e+16,1.444345097280864e+16,1.444350577183364e+16,1.444349663247664e+16,1.4443383415985974e+16,1.4443349243438974e+16,1.0,1.0,1.0,1.0,1.0,1.0,1.0,1.0,0.00181506122989193,-0.018141871918540775,-0.01995693
97395.48,97936224000.0,97395.48,92641.36999999998,91597.96666666667,83000.25,83651.25,1.0,1.0,1.0,1.0,1.0,1.0,1.444354890903264e+16,1.444354890903264e+16,1.444349994092064e+16,1.4443520150899974e+16,1.444339830862964e+16,1.4443380302643722e+16,1.0,1.0,1.0,1.0,1.0,1.0,1.0,1.0,0.00181506122989193,0.10818655627675722,0.1063715
95584.35,89382016000.0,95584.35,96489.91499999998,93622.36333333333,85089.69111111111,84505.1825,1.0,1.0,1.0,1.0,1.0,1.0,1.444345952701664e+16,1.444345952701664e+16,1.444350421802464e+16,1.4443486469619306e+16,1.4443413959018752e+16,1.4443397887820306e+16,1.0,1.0,1.0,1.0,1.0,1.0,1.0,1.0,0.00181506122989193,-0.018595626819642885,-0.02041069
95422.9,93190138000.0,95422.9,95503.62499999999,96134.24333333333,87607.51222222223,85343.355,1.0,1.0,1.0,1.0,1.0,1.0,1.444336633687864e+16,1.444336633687864e+16,1.444341293194764e+16,1.444345825764264e+16,1.4443427226027306e+16,1.4443402126400138e+16,0.0,0.0,0.0,1.0,1.0,1.0,1.0,1.0,0.00181506122989193,-0.0016890840393852802,-0.00350415
96339.31,101111462000.0,96339.31,95881.10499999998,95782.18666666666,89510.43666666666,86195.73416666668,1.0,1.0,1.0,1.0,1.0,1.0,1.444346744834064e+16,1.444346744834064e+16,1.444341689260964e+16,1.444343110407864e+16,1.4443442484646972e+16,1.444340650749189e+16,1.0,1.0,0.0,1.0,0.0,1.0,1.0,1.0,0.00181506122989193,0.009603669559403505,0.00778861
97035.78,90978671000.0,97035.78,96687.54499999998,96265.99666666666,91772.69222222222,87883.7675,1.0,1.0,1.0,1.0,1.0,1.0,1.444355842701164e+16,1.444355842701164e+16,1.444351293767614e+16,1.444346407074364e+16,1.4443475346173864e+16,1.4443426486949974e+16,1.0,1.0,1.0,1.0,0.0,1.0,1.0,1.0,0.00181506122989193,0.007229343868043081,0.00541428
100973.48,97397339000.0,100973.48,99004.62999999998,98116.19,94175.25333333334,90234.68166666666,1.0,1.0,1.0,1.0,1.0,1.0,1.444365582435064e+16,1.444365582435064e+16,1.444360712568114e+16,1.444356056656764e+16,1.4443505152228972e+16,1.444346056116239e+16,1.0,1.0,1.0,1.0,1.0,1.0,1.0,1.0,0.00181506122989193,0.04057987682481645,0.03876482
101818.93,119853127000.0,101818.93,101396.20499999999,99942.73,95774.29444444443,92118.51000000001,1.0,1.0,1.0,1.0,1.0,1.0,1.444377567747764e+16,1.444377567747764e+16,1.444371575091414e+16,1.4443663309613306e+16,1.4443538188197304e+16,1.4443497690888558e+16,1.0,1.0,1.0,1.0,1.0,1.0,1.0,1.0,0.0017463812053175843,0.008372990610999942,0.00662661
101132.51,97535439000.0,101132.51,101475.71999999997,101308.30666666666,97065.55555555555,94156.59583333333,1.0,1.0,1.0,1.0,1.0,1.0,1.444367814203864e+16,1.444367814203864e+16,1.444372690975814e+16,1.4443703214622306e+16,1.4443551251661752e+16,1.4443532313285974e+16,1.0,1.0,1.0,1.0,1.0,1.0,1.0,1.0,0.001672977932455464,-0.006741575461458815,-0.00841455
104745.06,103191060000.0,104745.06,102938.78499999997,102565.5,98938.64444444445,96272.815,1.0,1.0,1.0,1.0,1.0,1.0,1.444378133309864e+16,1.444378133309864e+16,1.444372973756864e+16,1.444374505087164e+16,1.444358795836064e+16,1.444356512688964e+16,1.0,1.0,1.0,1.0,1.0,1.0,1.0,1.0,0.0015941167056268669,0.03572095659447205,0.03412684
107220.94,95992218000.0,107220.94,105982.99999999999,104366.17,100030.3622222222,97922.26333333332,1.0,1.0,1.0,1.0,1.0,1.0,1.444387732531664e+16,1.444387732531664e+16,1.444382932920764e+16,1.444377893348464e+16,1.4443624449058862e+16,1.4443598374519142e+16,1.0,1.0,1.0,1.0,1.0,1.0,1.0,1.0,0.0015941167056268669,0.023637200646980494,0.02204308
108233.28,99879951000.0,108233.28,107727.10999999999,106733.09333333332,101435.79888888888,99482.43999999999,1.0,1.0,1.0,1.0,1.0,1.0,1.444397720526764e+16,1.444397720526764e+16,1.444392726529214e+16,1.444387862122764e+16,1.444368196886453e+16,1.4443633094053222e+16,1.0,1.0,1.0,1.0,1.0,1.0,1.0,1.0,0.0015088734147996519,0.009441625861515535,0.00793275
115651.95,122061199000.0,115651.95,111942.61499999999,110368.72333333333,103683.47111111111,101796.16416666668,1.0,1.0,1.0,1.0,1.0,1.0,1.444409926646664e+16,1.444409926646664e+16,1.444403823586714e+16,1.4443984599016974e+16,1.4443763405485416e+16,1.4443687118524722e+16,1.0,1.0,1.0,1.0,1.0,1.0,1.0,1.0,0.0015088734147996519,0.06854333528467405,0.06703446
113760.57,126646336000.0,113760.57,114706.25999999998,112548.59999999999,105619.16666666667,103159.92166666665,1.0,1.0,1.0,1.0,1.0,1.0,1.444397262013064e+16,1.444397262013064e+16,1.444403594329864e+16,1.4444016363954974e+16,1.4443819535684308e+16,1.444372242778289e+16,1.0,1.0,1.0,1.0,1.0,1.0,1.0,1.0,0.0014635008915137892,-0.016354069256938497,-0.01781757
104259.51,270525143000.0,104259.51,109010.03999999998,111224.01000000001,106421.80333333333,103882.85166666667,0.0,1.0,1.0,1.0,1.0,1.0,1.444370209498764e+16,1.444370209498764e+16,1.444383735755914e+16,1.4443924660528306e+16,1.444383549879275e+16,1.4443742641780472e+16,0.0,0.0,1.0,1.0,1.0,1.0,1.0,1.0,0.0013663514241836871,-0.08351804144441266,-0.08488439
73010.78,209517639000.0,73010.78,88635.14499999999,97010.28666666667,103314.83666666667,102015.17499999999,0.0,0.0,0.0,0.0,0.0,0.0,1.444349257734864e+16,1.444349257734864e+16,1.444359733616814e+16,1.4443722430822306e+16,1.4443817360236974e+16,1.444375316181964e+16,0.0,0.0,0.0,0.0,0.0,0.0,0.0,0.0,0.0013663514241836871,-0.2997206681673451,-0.30108702
80501.17,220356095000.0,80501.17,76755.97499999998,85923.81999999999,100946.19666666667,100695.33,0.0,0.0,0.0,0.0,0.0,0.0,1.444371293344364e+16,1.444371293344364e+16,1.444360275539614e+16,1.4443635868593306e+16,1.444381038867764e+16,1.4443773618911558e+16,0.0,0.0,0.0,0.0,0.0,0.0,0.0,0.0,0.0012009635489333625,0.10259293216700338,0.10139197
87395.15,232334388000.0,87395.15,83948.15999999997,80302.36666666667,99419.82333333333,99891.94416666667,0.0,0.0,0.0,0.0,0.0,0.0,1.444394526783164e+16,1.444394526783164e+16,1.444382910063764e+16,1.4443716926207974e+16,1.4443840069321308e+16,1.4443805855646558e+16,1.0,1.0,0.0,1.0,0.0,0.0,0.0,0.0,0.001003374121300491,0.08563825842531236,0.08463488
95061.62,221522561000.0,95061.62,91228.38499999998,87652.64666666667,98343.88555555555,99399.28916666667,0.0,0.0,0.0,0.0,0.0,0.0,1.444416679039264e+16,1.444416679039264e+16,1.444405602911214e+16,1.4443941663889306e+16,1.4443882897909528e+16,1.4443848436150058e+16,1.0,1.0,1.0,1.0,1.0,1.0,0.0,0.0,0.001003374121300491,0.08772191591867506,0.08671854
102912.87,202697962000.0,102912.87,98987.24499999998,95123.21333333333,97865.21111111112,99490.45083333335,1.0,1.0,1.0,0.0,0.0,0.0,1.444436948835464e+16,1.444436948835464e+16,1.444426813937364e+16,1.4444160515526306e+16,1.4443937582691528e+16,1.4443897920389806e+16,1.0,1.0,1.0,1.0,1.0,1.0,0.0,1.0,0.0009278107823890713,0.08259116560395241,0.08166335
99382.02,190349933000.0,99382.02,101147.44499999998,99118.83666666667,96881.73777777777,99344.57666666668,1.0,1.0,1.0,1.0,1.0,0.0,1.444417913842164e+16,1.444417913842164e+16,1.444427431338814e+16,1.444423847238964e+16,1.444396001970864e+16,1.444393967008839e+16,1.0,1.0,1.0,1.0,1.0,1.0,0.0,0.0,0.0009278107823890713,-0.034309119938060184,-0.03523693
94604.15,198135863000.0,94604.15,96993.08499999999,98966.34666666666,94543.09333333332,98499.50083333334,1.0,0.0,1.0,0.0,1.0,1.0,1.444398100255864e+16,1.444398100255864e+16,1.444408007049014e+16,1.444417654311164e+16,1.4443946879274418e+16,1.4443956309210056e+16,1.0,1.0,1.0,1.0,1.0,1.0,0.0,0.0,0.0009278107823890713,-0.04807579882155755,-0.04900361
93967.64,217759317000.0,93967.64,94285.89499999999,95984.60333333333,92343.87888888888,97395.05916666666,1.0,0.0,1.0,0.0,1.0,0.0,1.444376324324164e+16,1.444376324324164e+16,1.444387212290014e+16,1.4443974461407306e+16,1.444392361517564e+16,1.4443946802370472e+16,0.0,0.0,0.0,0.0,1.0,1.0,0.0,0.0,0.0009278107823890713,-0.006728140361707102,-0.00765595
108897.29,177045104000.0,108897.29,101432.46499999998,99156.35999999999,92859.18777777777,97450.39333333333,1.0,1.0,1.0,1.0,1.0,1.0,1.444394028834564e+16,1.444394028834564e+16,1.444385176579364e+16,1.4443894844715306e+16,1.4443950081104306e+16,1.444394372596031e+16,0.0,0.0,0.0,0.0,0.0,0.0,1.0,1.0,0.0009278107823890713,0.15888075937631285,0.15795295
119024.29,186733708000.0,119024.29,113960.78999999998,107296.40666666666,97971.79999999999,97731.42166666668,1.0,1.0,1.0,1.0,1.0,1.0,1.444412702205364e+16,1.444412702205364e+16,1.444403365519964e+16,1.4443943517880306e+16,1.4444020574960416e+16,1.444394603892589e+16,1.0,1.0,1.0,1.0,0.0,0.0,1.0,1.0,0.0009278107823890713,0.09299588630717981,0.09206808
115093.16,190633708000.0,115093.16,117058.72499999998,114338.24666666666,101815.35444444444,97842.47083333333,1.0,1.0,1.0,1.0,1.0,1.0,1.444393638834564e+16,1.444393638834564e+16,1.444403170519964e+16,1.4444001232914974e+16,1.4444045403282862e+16,1.4443943019610472e+16,0.0,0.0,0.0,1.0,0.0,1.0,1.0,1.0,0.0009278107823890713,-0.033027964291994394,-0.03395578
110035.82,246478176000.0,110035.82,112564.48999999999,114717.75666666667,104330.98444444445,98323.83,1.0,1.0,1.0,1.0,1.0,1.0,1.444368991016964e+16,1.444368991016964e+16,1.444381314925764e+16,1.4443917773522974e+16,1.4444017030209304e+16,1.4443942004208974e+16,0.0,0.0,0.0,0.0,0.0,0.0,1.0,1.0,0.0011392958531385089,-0.04394127331285369,-0.04508057
116644.46,167264254000.0,116644.46,113340.13999999998,113924.48,106729.07777777777,101959.96999999999,1.0,1.0,1.0,1.0,1.0,1.0,1.444385717442364e+16,1.444385717442364e+16,1.444377354229664e+16,1.4443827824312974e+16,1.4443982628434972e+16,1.4443972387298558e+16,0.0,0.0,0.0,0.0,0.0,0.0,1.0,1.0,0.0011392958531385089,0.06005898806406851,0.05891969
118951.28,184242887000.0,118951.28,117797.87,115210.52,108511.12333333334,105164.14583333333,1.0,1.0,1.0,1.0,1.0,1.0,1.444404141731064e+16,1.444404141731064e+16,1.444394929586714e+16,1.4443862833967974e+16,1.4443946176096752e+16,1.4443999760954138e+16,1.0,1.0,1.0,0.0,0.0,0.0,1.0,1.0,0.0013141271830870683,0.019776507174022573,0.01846238
126218.42,197833878000.0,126218.42,122584.84999999998,120604.72000000002,111492.94555555556,108399.41833333333,1.0,1.0,1.0,1.0,1.0,1.0,1.444423925118864e+16,1.444423925118864e+16,1.444414033424964e+16,1.4444045947640974e+16,1.4443952855293084e+16,1.4444024259567222e+16,1.0,1.0,1.0,1.0,1.0,1.0,1.0,1.0,0.0014635008915137892,0.06109341572448823,0.05962991
126801.66,161312684000.0,126801.66,126510.03999999998,123990.45333333332,115070.44666666667,111044.42166666668,1.0,1.0,1.0,1.0,1.0,1.0,1.444440056387264e+16,1.444440056387264e+16,1.444431990753064e+16,1.4444227077457306e+16,1.4443999473216862e+16,1.4444043740690554e+16,1.0,1.0,1.0,1.0,1.0,1.0,1.0,1.0,0.0014635008915137892,0.004620878632453307,0.00315738
121802.61,201785668000.0,121802.61,124302.13499999998,124940.89666666667,118163.22111111111,112618.56666666667,1.0,1.0,1.0,1.0,1.0,1.0,1.444419877820464e+16,1.444419877820464e+16,1.444429967103864e+16,1.444427953108864e+16,1.4444047865990528e+16,1.4444029514844726e+16,1.0,1.0,1.0,1.0,1.0,1.0,1.0,1.0,0.0016342821782236784,-0.03942416842176988,-0.04105845
118793.11,231610870000.0,118793.11,120297.85999999999,122465.79333333333,119262.75666666667,114236.15749999999,0.0,1.0,1.0,1.0,1.0,1.0,1.444396716733464e+16,1.444396716733464e+16,1.444408297276964e+16,1.444418883647064e+16,1.4444050852544862e+16,1.4444011850587474e+16,0.0,0.0,1.0,1.0,1.0,1.0,1.0,1.0,0.0017812716547968676,-0.02470800913051041,-0.02648928
110979.75,243862785000.0,110979.75,114886.43,117191.82333333332,118368.91888888889,115600.79083333333,0.0,0.0,0.0,0.0,0.0,1.0,1.444372330454964e+16,1.444372330454964e+16,1.444384523594214e+16,1.4443963083362974e+16,1.4444005995044416e+16,1.444399037575339e+16,0.0,0.0,0.0,0.0,0.0,0.0,0.0,1.0,0.001969738859377268,-0.06577283817218016,-0.06774258
103513.62,236342385000.0,103513.62,107246.68499999998,111095.49333333333,117082.30333333333,116396.28916666668,0.0,0.0,0.0,0.0,0.0,0.0,1.444348696216464e+16,1.444348696216464e+16,1.444360513335714e+16,1.444372581134964e+16,1.4443956058802084e+16,1.4443967352330306e+16,0.0,0.0,0.0,0.0,0.0,0.0,0.0,1.0,0.001969738859377268,-0.06727470552060177,-0.06924444
101916.3,234056043000.0,101916.3,102714.95999999999,105469.89,116180.13444444444,115814.54,0.0,0.0,0.0,0.0,0.0,0.0,1.444325290612164e+16,1.444325290612164e+16,1.444336993414314e+16,1.444348772427864e+16,1.4443907502796752e+16,1.444391007047831e+16,0.0,0.0,0.0,0.0,0.0,0.0,0.0,0.0,0.0021303175533491435,-0.01543101284642534,-0.01756133
104823.42,258100256000.0,104823.42,103369.85999999999,103417.77999999998,114866.68555555557,114631.13416666667,0.0,0.0,0.0,0.0,0.0,0.0,1.444351100637764e+16,1.444351100637764e+16,1.444338195624964e+16,1.4443416958221306e+16,1.444386903968053e+16,1.444385873583864e+16,0.0,0.0,0.0,0.0,0.0,0.0,0.0,0.0,0.0021303175533491435,0.028524583408149562,0.02639427
112143.42,235488943000.0,112143.42,108483.41999999998,106294.38,114110.25666666667,114385.32250000001,0.0,0.0,0.0,0.0,0.0,0.0,1.444374649532064e+16,1.444374649532064e+16,1.444362875084914e+16,1.4443503469273306e+16,1.4443836270570528e+16,1.444384291141989e+16,0.0,0.0,0.0,0.0,0.0,0.0,0.0,0.0,0.002270450103825352,0.06983172271997984,0.06756127
113143.06,279085050000.0,113143.06,112643.23999999999,110036.63333333335,112657.43888888888,114644.25916666667,1.0,0.0,0.0,0.0,0.0,0.0,1.444402558037064e+16,1.444402558037064e+16,1.444388603784564e+16,1.4443761027356306e+16,1.444381252936853e+16,1.444387088393664e+16,1.0,1.0,1.0,1.0,0.0,0.0,0.0,1.0,0.002354946727223748,0.00891394252110378,0.006559
120001.02,213667512000.0,120001.02,116572.03999999998,115095.83333333333,111901.81222222223,114923.97250000002,1.0,1.0,1.0,1.0,1.0,1.0,1.444423924788264e+16,1.444423924788264e+16,1.444413241412664e+16,1.444400377452464e+16,1.444379460536964e+16,1.4443902723391558e+16,1.0,1.0,1.0,1.0,1.0,1.0,0.0,1.0,0.002354946727223748,0.06061317415314749,0.05825823
107876.15,276339366000.0,107876.15,113938.58499999999,113673.40999999999,110354.42777777778,114001.045,0.0,0.0,1.0,0.0,1.0,0.0,1.444396290851664e+16,1.444396290851664e+16,1.444410107819964e+16,1.444407591225664e+16,1.4443768397626528e+16,1.4443896180992056e+16,1.0,1.0,1.0,1.0,1.0,1.0,0.0,0.0,0.002433528312094886,-0.10103972449567522,-0.10347325
111350.51,243632387000.0,111350.51,109613.32999999999,113075.89333333333,109527.47222222222,112762.05249999999,1.0,0.0,1.0,0.0,1.0,1.0,1.444420654090364e+16,1.444420654090364e+16,1.444408472471014e+16,1.4444136232434306e+16,1.4443794994689752e+16,1.444389345513497e+16,1.0,1.0,1.0,1.0,1.0,1.0,0.0,0.0,0.00247085902939685,0.03220693359931737,0.02973607
98542.1,230772063000.0,98542.1,104946.305,105922.92,108145.5111111111,110407.08916666667,0.0,0.0,0.0,0.0,0.0,0.0,1.444397576884064e+16,1.444397576884064e+16,1.444409115487214e+16,1.4444048406086974e+16,1.444382304627764e+16,1.444385805554897e+16,1.0,1.0,1.0,1.0,1.0,1.0,0.0,0.0,0.00247085902939685,-0.11502785214005751,-0.11749871
103164.69,297132522000.0,103164.69,100853.39499999999,104352.43333333333,108106.7411111111,108853.92916666665,0.0,0.0,0.0,0.0,0.0,0.0,1.444427290136264e+16,1.444427290136264e+16,1.444412433510164e+16,1.444415173703564e+16,1.4443910372855194e+16,1.4443864232478808e+16,1.0,1.0,1.0,1.0,1.0,1.0,0.0,0.0,0.0025069995837153415,0.04690979794422878,0.0444028
109523.84,288740781000.0,109523.84,106344.26499999998,103743.54333333333,108952.02333333335,108081.49,1.0,1.0,0.0,0.0,0.0,0.0,1.444456164214364e+16,1.444456164214364e+16,1.444441727175314e+16,1.444427010411564e+16,1.444405578796875e+16,1.4443913772046224e+16,1.0,1.0,1.0,1.0,1.0,1.0,1.0,0.0,0.0025069995837153415,0.06164076100068727,0.05913376
110047.56,301259685000.0,110047.56,109785.69999999998,107578.69666666667,109532.48333333334,108003.8075,1.0,1.0,1.0,1.0,0.0,0.0,1.444486290182864e+16,1.444486290182864e+16,1.444471227198614e+16,1.444456581511164e+16,1.4444205998574418e+16,1.4444008738486142e+16,1.0,1.0,1.0,1.0,1.0,1.0,1.0,0.0,0.0025069995837153415,0.004781789973762773,0.00227479
116037.26,339625314000.0,116037.26,113042.40999999997,111869.55333333334,109965.13222222222,109047.44416666665,1.0,1.0,1.0,1.0,1.0,1.0,1.444520252714264e+16,1.444520252714264e+16,1.444503271448564e+16,1.444487569037164e+16,1.4444367779887976e+16,1.4444151702234306e+16,1.0,1.0,1.0,1.0,1.0,1.0,1.0,1.0,0.0025069995837153415,0.054428285370434315,0.05192129
112478.68,307111236000.0,112478.68,114257.96999999997,112854.5,109891.31222222223,109927.6425,1.0,1.0,1.0,1.0,1.0,1.0,1.444489541590664e+16,1.444489541590664e+16,1.444504897152464e+16,1.444498694829264e+16,1.444446442828086e+16,1.4444288578049726e+16,1.0,1.0,1.0,1.0,1.0,1.0,0.0,1.0,0.0025069995837153415,-0.030667563160315936,-0.03317456
109733.88,295580744000.0,109733.88,111106.27999999998,112749.93999999999,108750.51888888888,110336.84749999999,1.0,0.0,1.0,1.0,1.0,1.0,1.444459983516264e+16,1.444459983516264e+16,1.444474762553464e+16,1.4444899259403974e+16,1.4444504493534198e+16,1.4444379313781806e+16,1.0,1.0,1.0,1.0,1.0,1.0,0.0,1.0,0.0025069995837153415,-0.024402846832839664,-0.02690985
113429.6,228722048000.0,113429.6,111581.73999999999,111880.72000000002,109367.56888888888,110444.02916666667,1.0,1.0,1.0,1.0,1.0,1.0,1.444482855721064e+16,1.444482855721064e+16,1.444471419618664e+16,1.4444774602759974e+16,1.4444600676722418e+16,1.4444469485605974e+16,1.0,1.0,1.0,1.0,1.0,1.0,1.0,1.0,0.0025069995837153415,0.03367893306971381,0.03117193
104933.17,327023244000.0,104933.17,109181.38499999998,109365.55,108654.53111111111,109759.87166666666,0.0,0.0,1.0,0.0,1.0,0.0,1.444450153396664e+16,1.444450153396664e+16,1.444466504558864e+16,1.4444643308779974e+16,1.4444633453729418e+16,1.444450914840564e+16,0.0,0.0,1.0,1.0,1.0,1.0,0.0,0.0,0.0025069995837153415,-0.0749048749180109,-0.07741187
101883.21,218342106000.0,101883.21,103408.18999999999,106748.65999999999,109025.76555555555,108250.05416666665,0.0,0.0,0.0,0.0,0.0,0.0,1.444428319186064e+16,1.444428319186064e+16,1.444439236291364e+16,1.444453776101264e+16,1.4444667611842752e+16,1.4444512810403806e+16,0.0,0.0,0.0,0.0,0.0,1.0,1.0,0.0,0.0025069995837153415,-0.029065737745271547,-0.03157274
104431.23,255405465707.0,104431.23,103157.21999999999,103749.20333333332,109166.49222222222,107962.9775,0.0,0.0,0.0,0.0,0.0,0.0,1.4444538597326348e+16,1.4444538597326348e+16,1.4444410894593494e+16,1.4444441107717878e+16,1.4444697133616496e+16,1.4444560784471282e+16,0.0,0.0,0.0,0.0,0.0,0.0,1.0,0.0,0.0025069995837153415,0.025009223796541136,0.02250222
